latitude,longitude,rainfall_1h,rainfall_6h,rainfall_24h,elevation,historical_flood_frequency,flood_zone,flood_occurred
9.529737,76.26657,10.46,33.88,65.59,2.8,6,high,1
9.478939,76.321438,0.07,0.19,0.35,0.8,7,high,1
9.541815,76.247181,17.5,44.25,57.47,2.8,4,high,1
9.611842,76.285708,48.68,70.73,145.23,2.1,3,high,1
9.471268,76.23417,10.53,15.54,19.97,3.4,6,high,1
9.471269,76.487178,14.98,24.96,71.64,1.5,6,low,1
9.616337,76.332821,0.12,0.37,0.5,2.4,7,high,1
9.551395,76.274022,0.69,2.95,3.84,3.3,5,high,0
9.452442,76.347118,3.18,8.86,22.15,0.8,7,medium,0
9.533405,76.321014,2.05,6.15,11.46,3.3,3,high,0
9.452927,76.312322,9.43,20.81,53.23,2.6,1,medium,1
9.452742,76.379133,6.72,11.41,16.58,0.7,5,high,1
9.509357,76.390601,22.05,35.04,58.95,1.4,4,medium,1
9.336938,76.28756,9.42,15.13,23.29,2.6,3,high,0
9.352007,76.283935,3.86,10.17,24.92,0.7,4,medium,0
9.445017,76.307996,13.81,25.41,61.01,2.2,4,high,1
9.408974,76.145846,26.66,74.8,231.7,1.5,3,high,1
9.51514,76.208785,2.42,10.49,21.99,2.4,7,high,1
9.417358,76.43935,26.84,48.73,80.17,0.6,3,high,1
9.377016,76.461597,5.78,28.21,36.55,3.1,5,high,1
9.607252,76.310077,18.85,46.59,69.87,3.4,2,low,1
9.471938,76.376125,7.44,20.4,37.81,3.4,4,medium,0
9.495402,76.3549,2.49,4.55,5.52,2.7,1,medium,1
9.37602,76.57631,1.4,2.4,3.45,0.9,6,high,1
9.446449,76.419566,19.42,55.15,67.96,2.8,3,high,1
9.498874,76.319767,4.47,7.38,12.5,0.6,5,high,0
9.397921,76.253557,22.39,64.53,145.86,0.6,8,high,1
9.520056,76.201484,0.83,1.97,5.98,1.5,3,medium,0
9.441949,76.346277,7.47,13.25,18.95,2.0,5,medium,0
9.466665,76.269492,12.63,23.1,63.0,2.8,4,medium,1
9.441863,76.21622,2.53,3.65,7.81,2.5,2,high,0
9.638182,76.278274,8.44,27.0,45.53,1.8,1,medium,1
9.48892,76.243476,11.51,21.66,35.48,1.3,7,low,1
9.405383,76.464971,56.49,111.91,177.54,3.5,3,high,1
9.555804,76.400531,36.75,55.89,142.79,1.8,1,high,1
9.392333,76.329362,10.15,36.5,71.73,1.9,5,medium,1
9.506709,76.448396,14.79,25.69,40.17,1.0,4,medium,1
9.333226,76.336189,129.41,267.31,320.74,2.9,4,low,1
9.383745,76.261097,4.52,13.41,19.15,2.6,7,high,1
9.505749,76.45185,6.1,13.96,17.29,1.2,5,high,1
9.549077,76.373113,6.37,17.36,24.14,0.7,3,medium,1
9.503709,76.24702,3.01,6.15,9.84,2.5,9,medium,1
9.480748,76.314773,8.24,12.79,31.54,2.5,8,high,1
9.465912,76.259951,18.93,39.06,58.59,1.3,4,high,1
9.371718,76.219376,20.38,39.51,61.47,3.4,7,low,1
9.432412,76.404094,4.17,9.08,14.38,1.0,6,high,1
9.453149,76.482753,4.54,20.12,35.34,1.8,4,medium,0
9.57457,76.218115,2.36,7.45,12.61,3.3,5,high,1
9.517489,76.375038,8.77,19.65,40.61,1.8,3,high,1
9.348957,76.277949,9.64,27.16,46.37,2.4,3,high,1
9.515927,76.29103,1.92,6.59,16.13,1.7,4,high,0
9.459193,76.282608,6.26,13.84,18.63,1.3,8,high,1
9.435846,76.260881,0.84,2.33,5.81,3.5,1,high,0
9.538934,76.333882,13.41,40.76,117.56,1.7,4,high,0
9.57248,76.263524,24.09,55.75,103.26,3.2,4,high,1
9.564502,76.351637,6.17,23.13,34.93,1.2,7,high,1
9.422863,76.325981,7.03,10.59,19.58,1.1,3,high,1
9.465263,76.310884,6.52,10.28,22.73,0.6,4,low,1
9.516501,76.257395,14.63,26.41,43.51,2.5,2,high,0
9.568044,76.283858,19.12,75.53,153.88,1.6,8,high,1
9.451666,76.390431,10.72,18.23,22.42,3.1,5,high,1
9.475147,76.370073,10.32,17.08,21.15,1.9,2,medium,0
9.401493,76.251796,11.49,19.68,34.14,3.4,2,high,1
9.394303,76.337947,2.95,11.48,23.91,1.1,7,high,1
9.555002,76.390111,3.47,6.64,9.42,3.1,4,medium,1
9.598499,76.196448,1.68,2.72,8.48,2.8,6,high,1
9.484239,76.373469,7.71,15.78,28.12,2.8,4,low,0
9.570283,76.27699,31.98,61.13,126.05,3.0,2,medium,1
9.518931,76.375648,69.08,160.95,199.62,2.8,5,high,1
9.43839,76.268939,5.33,11.48,37.43,2.4,3,high,1
9.518912,76.185609,5.36,24.67,40.85,0.9,2,high,0
9.613043,76.199797,7.43,14.3,20.22,0.6,4,low,0
9.487134,76.333847,9.38,38.98,68.77,3.3,5,high,1
9.615171,76.350778,1.1,2.62,7.56,2.3,5,low,0
9.28042,76.257655,19.64,56.72,67.93,2.9,5,medium,1
9.555752,76.381087,5.93,12.53,21.43,1.9,2,low,0
9.496964,76.197078,3.25,12.19,19.12,0.9,6,high,1
9.466079,76.324714,0.86,1.58,3.67,0.9,4,high,0
9.497341,76.233119,5.84,9.77,17.26,2.6,6,high,1
9.330994,76.277853,3.57,12.66,23.63,1.8,4,high,1
9.472426,76.333792,1.47,5.82,17.06,1.1,2,low,0
9.518569,76.261167,23.43,85.9,239.69,2.0,3,high,1
9.608232,76.299236,6.08,9.52,12.51,0.7,6,high,1
9.448538,76.410503,11.48,24.74,57.29,2.2,3,high,0
9.425321,76.283849,22.71,52.37,128.61,1.3,5,low,1
9.449859,76.396855,29.51,116.46,201.59,2.9,6,high,1
9.563232,76.239623,15.4,29.35,40.6,1.4,7,high,1
9.5163,76.372384,33.73,53.2,159.25,1.9,7,high,1
9.447619,76.445325,8.16,13.29,21.54,0.5,4,high,1
9.531061,76.132268,0.64,1.25,3.43,0.7,5,medium,0
9.497766,76.266248,1.81,7.62,23.81,1.7,7,high,0
9.567492,76.376166,3.49,13.63,41.44,1.9,1,medium,0
9.433836,76.313756,9.91,44.1,58.12,2.3,5,high,1
9.463787,76.359692,2.25,6.86,18.8,1.4,6,high,1
9.458631,76.281681,1.77,6.59,20.3,2.6,6,medium,0
9.372919,76.336927,12.9,39.1,72.29,3.1,4,high,1
9.51369,76.317546,2.35,5.98,7.82,2.8,7,high,1
9.510884,76.423423,20.27,30.18,67.93,0.6,6,low,1
9.490409,76.350354,8.49,16.8,31.58,1.9,4,high,1
9.471233,76.357008,11.98,19.4,60.25,0.8,5,medium,1
9.37677,76.29705,46.43,83.64,152.91,1.2,9,high,1
9.456348,76.290992,23.13,90.28,146.16,3.5,4,high,1
9.462583,76.295395,13.12,23.1,37.62,0.9,4,high,1
9.425818,76.361556,11.19,33.15,68.65,2.0,3,high,1
9.477097,76.296321,8.23,15.84,33.44,2.4,5,high,1
9.522324,76.353182,0.18,0.48,1.34,2.6,6,high,1
9.640895,76.496032,6.29,9.0,17.94,2.2,3,medium,1
9.503966,76.39969,1.4,4.22,11.89,0.5,1,high,0
9.510604,76.303918,5.2,15.32,21.23,1.5,5,high,1
9.484044,76.426097,24.43,36.73,44.17,2.1,6,low,1
9.336498,76.297354,16.4,77.24,92.67,0.8,2,high,1
9.487879,76.16695,8.9,16.22,20.91,1.6,6,high,1
9.494818,76.249353,4.87,8.65,13.72,0.6,1,high,0
9.687059,76.180337,90.71,146.73,214.06,0.7,8,low,1
9.474611,76.301879,5.65,8.23,18.01,1.7,8,low,1
9.514124,76.331473,22.49,32.71,50.56,0.9,3,medium,0
9.487223,76.464115,7.07,30.4,55.22,2.2,6,high,1
9.396506,76.356154,16.59,27.15,48.04,2.6,3,medium,0
9.581426,76.312472,7.77,14.85,20.72,2.9,4,high,1
9.550155,76.396352,4.94,9.44,20.74,1.1,3,medium,1
9.553283,76.153109,2.23,8.42,17.73,1.0,1,high,1
9.417249,76.348849,12.85,24.47,30.27,0.8,0,high,1
9.602224,76.391669,15.31,22.15,66.94,2.4,1,high,0
9.377852,76.211713,6.24,9.51,16.78,2.6,4,medium,0
9.536949,76.4215,20.14,48.0,59.85,0.6,3,high,1
9.665236,76.35708,15.82,71.91,113.11,3.3,4,medium,1
9.410757,76.296777,5.03,13.2,21.98,0.7,5,high,1
9.444696,76.380623,16.43,26.8,61.27,2.1,9,high,1
9.497972,76.511655,8.25,14.97,30.63,2.6,2,medium,1
9.449722,76.344549,3.37,7.84,10.19,3.1,3,high,1
9.365947,76.349858,3.06,13.46,22.16,2.6,3,high,0
9.495485,76.293251,6.6,15.95,27.36,2.9,3,medium,1
9.405016,76.262012,27.12,62.42,175.95,1.5,6,high,1
9.527887,76.396427,30.01,45.18,146.31,2.9,7,medium,0
9.416446,76.261513,24.44,46.95,56.57,0.7,2,high,1
9.613995,76.335725,6.96,19.55,38.53,3.2,4,high,1
9.42734,76.291787,1.82,3.93,6.22,2.1,5,medium,1
9.464235,76.368318,5.78,24.79,72.1,3.0,6,high,1
9.555081,76.356693,18.51,26.97,39.91,1.9,8,high,1
9.391531,76.413003,5.99,15.76,19.39,2.4,5,high,0
9.508197,76.289199,12.09,27.54,44.66,2.1,3,high,1
9.594571,76.30841,4.46,11.81,31.96,2.7,3,high,1
9.361401,76.251699,0.09,0.17,0.27,0.7,5,high,0
9.504771,76.294457,50.64,95.34,132.15,0.7,5,high,1
9.510791,76.360184,7.12,12.77,24.39,1.2,3,high,1
9.552546,76.390559,2.42,7.23,9.23,1.0,2,high,1
9.391044,76.256227,2.1,5.86,8.93,3.1,2,high,0
9.384363,76.399568,23.19,88.3,111.13,1.2,4,high,1
9.531755,76.438451,17.31,32.81,51.03,3.4,8,high,1
9.513759,76.363075,0.9,4.1,11.02,1.5,6,high,1
9.510039,76.480144,16.19,32.45,69.0,1.0,3,high,1
9.517716,76.268097,3.3,5.19,12.64,2.9,5,medium,0
9.435598,76.230428,66.24,102.63,128.31,2.5,4,high,1
9.50858,76.187702,9.73,22.92,31.92,2.0,7,high,1
9.513446,76.449684,7.09,16.51,24.57,2.2,8,medium,0
9.432852,76.382349,24.98,104.74,225.0,2.7,6,high,1
9.639262,76.325553,0.39,0.74,1.83,1.2,7,high,1
9.527907,76.352397,7.25,11.87,16.58,3.5,9,medium,1
9.394696,76.239961,9.9,30.71,54.77,3.4,4,medium,1
9.542524,76.52566,44.37,108.05,254.73,2.5,5,medium,1
9.412025,76.340338,4.18,6.75,10.55,1.1,3,high,0
9.552967,76.338752,4.04,6.32,19.63,2.5,5,medium,1
9.582688,76.388061,0.75,2.35,4.89,0.7,5,medium,0
9.424345,76.368481,17.5,36.82,66.01,0.6,4,high,1
9.56707,76.347911,1.83,6.19,16.22,1.3,9,medium,1
9.523022,76.266762,9.7,38.67,45.95,1.9,2,low,0
9.555765,76.367717,71.4,108.92,262.45,3.1,2,medium,1
9.641743,76.480562,8.58,14.06,37.83,2.7,4,high,0
9.470369,76.437634,4.49,7.75,18.8,2.7,4,high,0
9.429701,76.457455,2.08,9.27,12.82,1.8,3,high,0
9.418839,76.289103,2.66,4.28,8.02,1.5,3,high,1
9.424735,76.250832,35.22,84.06,137.59,1.6,6,high,1
9.483832,76.319937,2.88,7.76,24.89,3.5,5,high,1
9.517292,76.334458,1.64,3.47,10.88,0.6,5,medium,0
9.512135,76.417535,9.51,38.73,71.03,3.1,7,medium,1
9.556175,76.194603,3.74,6.46,8.63,2.2,4,high,0
9.49104,76.452364,10.72,21.83,27.74,1.8,3,high,1
9.606283,76.317359,0.52,1.78,5.11,2.7,0,medium,0
9.468827,76.29585,20.86,70.91,118.96,2.0,2,high,1
9.707614,76.249032,51.45,176.13,219.53,3.1,3,low,1
9.540053,76.197611,2.93,12.84,25.01,3.2,3,high,1
9.421427,76.395854,128.75,260.68,344.7,1.8,6,high,1
9.404329,76.335865,4.89,7.88,21.1,1.3,5,medium,1
9.528598,76.226803,10.56,50.59,62.11,2.3,3,high,0
9.472123,76.226394,5.35,23.82,33.39,3.2,8,medium,0
9.54712,76.303137,12.34,25.36,31.02,1.1,3,high,1
9.527859,76.463522,0.69,1.14,1.69,2.4,5,low,0
9.484174,76.309233,3.29,9.05,18.1,2.4,3,high,0
9.422257,76.209749,7.1,18.95,23.22,2.7,6,medium,1
9.368812,76.310341,2.42,4.86,10.76,0.9,4,high,1
9.454279,76.308182,0.48,1.44,2.98,2.6,5,high,1
9.558512,76.114249,7.4,34.7,50.62,3.2,3,high,0
9.507127,76.325656,3.57,6.29,8.72,1.0,4,medium,1
9.390341,76.311525,3.9,7.6,9.37,1.2,2,high,1
9.503854,76.385697,11.35,23.14,56.07,3.4,3,medium,0
9.520825,76.477916,25.7,45.03,60.94,1.0,2,medium,0
9.419291,76.420125,32.88,61.17,86.61,3.1,9,high,1
9.502298,76.308489,2.72,8.97,26.78,2.0,2,low,0
9.494657,76.241478,4.8,12.75,24.86,1.2,2,medium,0
9.398562,76.535869,11.92,45.3,99.44,3.1,5,high,1
9.518623,76.334737,3.43,12.94,27.69,1.8,4,high,1
9.534863,76.331114,2.15,3.99,4.75,2.0,6,high,1
9.576644,76.32807,11.08,17.61,26.95,1.6,4,high,0
9.574304,76.345847,54.98,80.69,116.14,2.3,7,high,1
9.379786,76.318451,8.63,16.79,20.06,1.0,3,medium,0
9.414974,76.284107,1.26,4.33,8.53,1.7,6,high,1
9.531203,76.286251,2.08,8.23,11.1,3.4,5,high,1
9.531103,76.32738,5.52,9.1,16.89,1.3,3,high,0
9.531204,76.286526,4.85,9.9,12.72,2.5,0,medium,0
9.798219,76.272972,13.84,27.19,68.07,1.5,5,high,1
9.535671,76.338514,10.5,17.78,21.65,2.8,3,low,0
9.580845,76.309602,42.15,76.41,181.78,0.9,4,medium,1
9.56632,76.450319,46.37,75.12,156.69,3.4,3,low,1
9.542111,76.117922,7.84,34.39,48.04,1.9,11,high,1
9.464778,76.417321,53.0,92.38,178.83,1.2,3,high,1
9.550718,76.429687,4.79,7.67,12.08,0.7,10,high,1
9.428174,76.164129,13.89,40.48,74.34,1.0,5,high,0
9.471055,76.302585,23.11,44.43,62.73,2.1,3,medium,1
9.451171,76.300285,15.36,43.03,101.1,1.5,0,medium,1
9.49655,76.217399,29.66,43.69,131.53,3.0,4,medium,1
9.675173,76.267775,2.5,11.53,24.8,1.8,4,high,0
9.340619,76.241154,91.87,187.53,334.36,1.2,2,high,1
9.544901,76.470182,0.27,0.96,2.43,2.4,5,high,0
9.360983,76.404854,41.07,73.86,149.17,2.6,9,low,1
9.452245,76.431724,36.26,125.94,242.2,1.0,4,low,1
9.577116,76.387734,0.02,0.06,0.17,1.0,3,medium,0
9.495142,76.239676,12.54,28.04,45.17,0.6,1,high,1
9.40378,76.288038,3.03,4.62,5.87,2.7,5,high,1
9.432776,76.36915,2.4,7.85,20.47,2.5,8,high,0
9.544368,76.23223,7.16,26.33,41.87,1.9,5,high,0
9.431571,76.38704,25.6,44.18,66.38,3.0,3,high,0
9.507317,76.310774,43.04,95.57,180.11,2.9,4,high,1
9.493646,76.300014,18.16,27.69,40.39,2.3,7,medium,1
9.437872,76.386877,5.33,19.49,37.06,3.1,2,high,1
9.661516,76.365541,30.06,57.48,99.52,1.1,2,high,1
9.540714,76.301123,18.5,58.46,192.27,0.8,4,medium,1
9.327989,76.422746,0.89,3.18,4.68,1.3,3,high,1
9.504916,76.243515,100.68,185.85,280.0,0.7,7,high,1
9.437057,76.379275,1.16,2.34,7.28,2.1,6,high,1
9.558195,76.377448,34.48,59.71,118.83,3.3,5,high,1
9.426598,76.305236,2.8,7.9,9.42,0.6,6,high,0
9.480821,76.356091,4.93,11.64,21.9,0.9,5,high,1
9.530399,76.229911,5.25,13.04,22.63,1.9,9,low,1
9.55926,76.403922,27.5,39.74,49.65,3.3,5,low,1
9.393976,76.315208,1.98,5.73,8.25,1.4,9,medium,1
9.46324,76.288182,0.58,1.66,2.67,2.0,3,low,1
9.452004,76.413921,20.26,53.69,72.67,0.6,1,high,1
9.437734,76.273653,30.41,63.06,81.32,0.9,8,high,1
9.631236,76.217323,1.34,4.1,7.44,3.5,6,medium,0
9.522399,76.20547,2.75,4.18,7.45,3.4,3,high,0
9.389129,76.378481,1.37,4.1,8.01,0.5,7,medium,0
9.563429,76.227566,2.21,3.42,4.11,3.4,1,medium,0
9.659772,76.470384,27.05,107.46,157.23,2.4,3,medium,1
9.572597,76.163446,16.05,30.38,87.86,3.1,5,high,1
9.36845,76.465717,28.73,43.96,56.75,1.9,3,medium,1
9.451261,76.346881,0.5,1.75,3.1,2.0,3,high,0
9.591353,76.322263,19.05,27.84,82.41,2.0,7,high,0
9.433386,76.286406,18.1,42.45,70.47,2.5,4,high,1
9.525506,76.361931,33.83,50.28,94.96,0.9,3,low,1
9.551971,76.326989,27.84,51.71,66.06,0.6,6,medium,0
9.415846,76.418264,19.11,54.49,132.19,1.4,3,low,1
9.485238,76.339138,6.41,21.8,28.89,2.6,4,high,1
9.230699,76.342024,5.1,14.49,23.89,1.1,4,low,0
9.408049,76.300911,18.26,74.08,224.45,2.5,2,high,1
9.469795,76.325444,15.43,56.73,67.98,3.4,6,high,1
9.390177,76.354624,4.91,19.46,33.44,0.8,4,high,1
9.620593,76.193187,4.04,9.82,21.35,2.5,8,high,1
9.375589,76.222145,8.56,14.32,25.66,1.8,6,medium,1
9.454796,76.389461,10.57,39.05,50.59,3.1,3,medium,0
9.500459,76.343669,2.39,9.0,19.24,1.0,5,medium,0
9.605302,76.315281,4.95,9.49,23.37,2.6,2,high,1
9.375131,76.331475,7.81,26.14,70.46,3.0,5,medium,0
9.583053,76.357807,18.59,74.7,161.06,3.3,3,medium,0
9.490819,76.286819,14.34,50.6,69.41,2.5,3,high,1
9.411479,76.267736,1.84,2.79,4.98,2.0,4,low,0
9.526968,76.345668,10.18,16.67,39.21,2.4,7,high,1
9.505925,76.25173,1.07,2.83,7.22,3.1,5,high,1
9.441983,76.36266,2.4,4.55,9.43,2.2,8,medium,0
9.495584,76.193793,3.76,8.03,9.83,0.6,7,medium,0
9.459175,76.412332,3.58,6.65,13.61,3.3,3,medium,1
9.499081,76.367808,1.83,3.37,4.0,2.6,2,high,0
9.54297,76.350482,5.04,9.8,17.28,2.5,5,high,0
9.616881,76.408615,0.56,1.67,4.19,1.1,2,high,0
9.390975,76.463238,1.35,6.13,7.76,2.5,2,high,1
9.660643,76.41115,11.87,27.75,50.17,1.7,5,high,0
9.333833,76.18273,28.88,44.75,64.82,2.5,4,medium,1
9.477857,76.227634,7.54,15.55,18.49,0.8,7,medium,1
9.537065,76.280015,28.82,46.77,142.78,2.5,5,high,1
9.512479,76.332087,0.96,1.38,3.89,3.5,8,medium,1
9.440184,76.371413,10.27,36.45,52.35,0.6,4,low,0
9.47335,76.27194,0.54,0.99,2.19,3.4,1,high,0
9.45056,76.344941,2.03,3.79,9.43,1.7,4,high,1
9.442851,76.269569,10.14,14.69,45.68,3.1,1,high,1
9.557968,76.281079,5.83,8.42,26.99,2.8,3,high,0
9.518561,76.217467,40.93,75.33,103.77,2.2,4,low,1
9.434567,76.256141,8.76,27.22,72.78,2.7,5,high,1
9.561968,76.221865,117.43,195.96,351.65,3.1,5,medium,1
9.514584,76.25193,1.41,5.58,8.81,1.7,5,medium,1
9.555029,76.414291,0.34,0.58,1.08,1.5,3,high,1
9.54037,76.254048,0.92,1.41,4.48,2.5,4,low,0
9.42368,76.540591,2.81,7.17,9.81,2.9,2,high,1
9.445186,76.369465,11.41,22.14,72.39,2.8,4,medium,1
9.549783,76.344787,9.57,23.05,32.06,2.9,2,high,0
9.53883,76.261331,6.33,15.1,19.09,1.8,9,high,1
9.488328,76.386025,38.14,107.38,199.56,3.0,4,high,1
9.499386,76.283949,61.5,105.85,178.03,0.9,3,high,1
9.592213,76.339761,3.58,5.36,9.54,2.1,5,medium,0
9.442674,76.534807,6.68,9.96,19.38,0.5,3,high,1
9.533768,76.322315,1.94,6.75,8.56,1.5,5,high,1
9.473825,76.421942,7.92,12.42,15.69,1.6,3,medium,0
9.472586,76.273746,1.32,2.33,4.8,1.7,2,high,0
9.577902,76.327201,6.73,20.62,32.3,2.6,3,high,0
9.556033,76.471664,4.44,18.99,23.45,1.7,5,medium,1
9.555081,76.279843,6.35,19.02,22.94,1.8,7,high,1
9.594438,76.474996,129.27,197.03,339.74,1.2,6,medium,1
9.49168,76.38662,15.96,30.9,56.27,1.6,7,high,1
9.544556,76.285003,82.7,147.54,325.49,1.2,3,medium,1
9.465179,76.380593,0.47,1.43,1.73,0.7,4,high,1
9.515933,76.407804,1.77,3.17,8.37,2.3,7,high,1
9.479589,76.379745,5.39,25.18,40.69,2.5,4,high,0
9.49776,76.204382,2.81,7.24,15.89,2.4,6,high,0
9.537613,76.271829,2.07,4.04,8.9,1.9,3,high,0
9.424542,76.310199,4.63,16.95,32.43,1.6,2,high,1
9.657391,76.324045,28.47,46.56,54.82,3.1,1,medium,1
9.409519,76.379654,2.13,6.72,20.36,2.1,3,high,1
9.392865,76.344216,14.35,27.27,44.11,1.9,9,high,1
9.582649,76.223172,0.46,1.14,3.31,0.6,2,high,0
9.553333,76.360416,0.94,1.89,4.92,1.5,7,high,1
9.53993,76.378847,0.82,3.22,5.94,1.6,2,high,0
9.540268,76.374783,0.91,4.35,7.5,1.7,5,high,1
9.48902,76.416462,4.65,7.11,16.07,2.2,1,high,0
9.41822,76.396714,45.74,136.61,288.17,2.1,4,low,1
9.496064,76.366734,12.69,20.8,59.8,2.3,9,high,1
9.435827,76.324387,14.08,20.13,43.13,2.8,6,high,1
9.56801,76.197123,5.24,17.13,20.6,2.9,7,high,0
9.478235,76.364369,1.39,4.18,5.1,2.7,6,high,1
9.42396,76.346615,3.02,5.68,11.73,3.4,5,medium,0
9.464289,76.351726,8.39,12.29,20.02,0.6,5,high,0
9.523035,76.22786,2.37,3.6,4.5,1.1,2,high,1
9.444902,76.243515,11.85,26.26,86.54,0.5,7,low,0
9.424222,76.414252,30.84,51.6,69.18,2.4,6,high,1
9.509495,76.326836,9.28,34.63,42.15,3.2,2,medium,0
9.509597,76.38452,14.28,20.73,59.19,1.2,7,medium,1
9.449445,76.332265,20.6,30.19,77.66,3.3,4,low,1
9.452317,76.33238,4.03,14.29,17.25,0.7,6,high,1
9.508564,76.405063,1.65,4.71,7.9,3.3,5,high,1
9.374153,76.288716,0.11,0.43,1.39,1.6,2,high,0
9.377403,76.33769,20.62,61.41,139.03,0.8,3,high,1
9.432524,76.293018,74.34,122.27,223.34,2.0,5,high,1
9.472924,76.29524,2.56,6.59,9.67,1.3,4,medium,1
9.514873,76.305266,14.33,58.69,83.46,1.4,3,medium,0
9.608028,76.347771,28.45,76.66,90.45,1.4,2,high,1
9.558613,76.2917,2.36,3.41,7.45,2.9,3,medium,0
9.477205,76.43046,0.69,1.34,2.24,2.1,3,high,1
9.488479,76.258431,5.51,13.51,22.77,1.4,4,high,1
9.409798,76.31505,26.83,94.73,181.09,2.3,3,high,1
9.488519,76.294822,3.3,4.75,12.1,2.6,3,high,1
9.466907,76.445758,44.96,73.66,87.94,1.3,8,low,1
9.515817,76.345724,2.02,5.92,7.69,1.7,7,medium,0
9.423822,76.412548,9.62,40.93,71.3,0.9,6,high,1
9.531548,76.211155,0.58,2.55,4.04,1.0,4,high,0
9.612619,76.351364,8.1,31.15,73.29,2.5,6,high,1
9.481299,76.40117,28.38,57.88,96.61,1.0,3,low,0
9.522137,76.336583,69.29,104.29,152.86,2.1,3,high,1
9.545212,76.415238,34.63,77.24,132.4,2.6,5,high,1
9.457902,76.288617,11.61,18.68,22.11,0.8,5,high,1
9.507927,76.442748,14.18,33.53,52.7,2.2,3,medium,1
9.491007,76.513912,3.73,6.74,13.36,1.3,3,high,1
9.497814,76.300973,2.0,3.54,4.89,3.4,6,high,1
9.428159,76.29436,3.76,13.12,33.31,2.0,3,medium,0
9.491961,76.446271,4.46,11.72,22.91,2.9,4,high,1
9.52984,76.456366,10.54,20.32,41.39,2.2,5,high,0
9.606091,76.288171,31.24,132.75,246.97,0.6,5,high,1
9.566742,76.296385,5.28,13.87,19.0,2.4,5,high,1
9.662255,76.307457,11.1,23.75,41.94,3.4,2,medium,0
9.428612,76.222444,12.24,17.53,23.8,2.3,4,high,1
9.559786,76.256508,4.98,11.38,18.45,3.0,2,high,1
9.504667,76.249669,4.43,7.29,14.94,3.2,4,high,1
9.665184,76.268576,105.0,252.39,338.56,1.2,5,high,1
9.425336,76.327225,20.68,34.57,80.21,1.1,5,high,1
9.422822,76.348737,21.49,43.18,101.99,2.3,2,medium,0
9.442049,76.45404,97.96,152.28,263.71,1.7,3,high,1
9.320088,76.250132,1.02,2.52,5.67,3.0,10,high,1
9.44794,76.408746,2.85,5.67,18.6,3.2,3,medium,0
9.429269,76.312881,23.99,46.59,70.96,1.6,6,high,1
9.502032,76.326043,10.97,26.84,46.19,1.2,5,high,1
9.51734,76.383986,1.27,4.66,8.55,2.8,3,high,0
9.640094,76.240182,4.93,20.0,24.04,1.3,4,low,0
9.566034,76.360593,6.04,29.01,47.24,3.0,8,high,0
9.443848,76.343316,24.4,38.32,49.45,1.8,2,medium,1
9.418127,76.369396,1.05,3.31,8.79,2.5,7,high,0
9.529354,76.353133,13.21,43.21,70.48,0.8,3,high,1
9.384381,76.526424,23.6,41.55,53.45,2.4,4,high,1
9.636517,76.278981,14.1,39.17,63.11,1.9,5,high,1
9.584355,76.28752,6.39,14.1,20.3,2.3,2,high,0
9.452466,76.280149,5.97,21.24,42.09,1.0,10,high,1
9.352949,76.285562,2.59,3.8,10.84,2.7,0,high,0
9.59831,76.279009,7.33,11.71,21.21,3.1,5,high,1
9.480837,76.425121,36.96,58.49,113.14,1.2,3,high,1
9.589025,76.44364,20.27,50.26,64.7,0.8,3,high,1
9.362446,76.28434,5.94,10.21,23.52,0.6,2,high,0
9.44205,76.263412,12.7,46.71,56.16,2.4,7,high,1
9.490419,76.367713,10.49,51.34,62.08,2.3,1,high,0
9.493758,76.285822,14.61,69.59,159.54,2.1,5,medium,1
9.453995,76.380635,16.3,33.05,67.25,1.2,7,medium,1
9.539828,76.346234,15.17,35.47,44.75,1.7,2,high,1
9.40459,76.20874,10.52,22.92,27.56,2.3,6,high,1
9.47861,76.4538,1.11,5.46,10.05,2.0,5,high,1
9.499624,76.47367,3.3,8.03,16.84,3.5,2,high,0
9.531155,76.280977,3.71,6.64,11.26,0.9,6,low,0
9.546929,76.298984,17.85,42.36,62.45,2.6,5,high,1
9.400029,76.352869,10.93,19.3,42.85,1.7,7,high,1
9.367271,76.356757,3.54,11.19,15.87,1.8,3,high,1
9.592214,76.382684,0.93,1.53,4.66,2.7,3,high,0
9.516585,76.490816,10.1,20.43,62.47,2.6,2,low,0
9.430121,76.315844,2.13,6.99,13.64,3.5,4,medium,0
9.614092,76.266136,5.54,17.4,35.2,0.9,9,high,1
9.499254,76.219654,1.78,3.46,7.3,0.8,6,high,1
9.584344,76.271526,21.89,35.59,62.43,2.7,8,high,0
9.495401,76.32735,51.85,127.14,266.87,2.2,4,low,1
9.65486,76.473565,0.72,2.19,5.4,1.3,1,low,0
9.630427,76.288591,21.85,34.5,73.36,0.7,10,high,1
9.470083,76.347903,7.99,14.95,17.88,0.8,3,high,1
9.567726,76.328686,16.25,38.33,72.86,3.2,4,high,1
9.54163,76.425071,11.21,25.24,46.36,1.1,4,medium,0
9.599491,76.532155,2.21,7.33,11.88,1.5,4,high,1
9.412806,76.28753,30.17,58.77,69.9,1.2,2,medium,1
9.544884,76.290845,21.37,56.33,130.13,1.6,4,medium,1
9.574674,76.413533,8.33,11.93,17.68,0.7,6,high,0
9.349301,76.384551,1.92,4.37,6.3,2.1,1,medium,0
9.395339,76.477737,34.24,77.29,121.91,0.7,2,medium,1
9.326861,76.376714,5.25,10.87,31.17,2.9,1,high,1
9.468447,76.301257,42.77,64.96,96.63,1.2,2,high,1
9.547403,76.377252,5.04,8.4,25.05,2.1,6,high,1
9.610189,76.418696,21.14,49.68,79.12,3.1,3,high,1
9.495928,76.395639,9.66,17.27,24.43,2.5,6,low,1
9.620289,76.370582,7.61,15.44,37.12,2.1,4,medium,1
9.379592,76.415334,49.24,110.35,144.65,1.5,2,high,1
9.353729,76.423544,6.28,21.2,66.95,1.5,5,high,0
9.485556,76.440573,4.54,10.52,13.77,2.5,4,high,1
9.520725,76.381897,0.68,2.12,3.83,3.5,4,low,0
9.487384,76.316631,5.02,7.64,18.2,2.5,2,high,1
9.324605,76.341737,2.06,5.61,15.01,2.2,5,low,0
9.48287,76.426521,10.19,15.07,18.28,2.7,5,high,1
9.385642,76.264645,10.07,21.58,63.49,1.9,5,high,1
9.543574,76.359494,15.58,30.21,73.77,0.7,3,high,1
9.519328,76.298533,3.32,7.04,14.34,2.2,9,high,1
9.41481,76.3323,7.14,26.98,42.08,3.4,6,high,1
9.448891,76.432276,3.77,9.72,16.21,1.0,3,high,1
9.405263,76.345288,0.16,0.63,1.71,2.6,4,high,1
9.484986,76.333715,5.27,10.31,22.43,1.1,4,low,0
9.566411,76.221212,5.66,13.36,30.97,2.1,6,high,1
9.411142,76.3897,2.02,3.42,8.2,0.8,6,medium,0
9.530324,76.381639,3.33,10.73,20.39,1.9,5,high,1
9.447579,76.50306,2.9,10.26,14.93,2.8,3,high,1
9.883313,76.265192,27.05,53.91,67.9,5.1,5,medium,1
9.802114,76.37697,6.1,11.41,18.42,5.9,6,high,1
9.938554,76.180833,9.31,17.66,35.78,4.5,2,high,0
9.955922,76.328627,1.81,4.27,9.98,6.3,4,medium,0
9.929485,76.368106,3.03,8.12,12.7,7.2,6,high,0
10.079472,76.337307,7.26,11.75,20.26,2.9,4,low,1
10.078242,76.465976,32.79,56.6,66.96,4.7,5,low,1
9.953216,76.237684,6.9,19.12,22.74,4.4,5,high,1
9.836486,76.356584,2.08,8.27,12.73,6.1,6,medium,1
9.934664,76.271513,2.23,9.43,17.36,3.5,3,low,1
9.932014,76.378672,28.2,114.1,200.12,5.8,6,medium,1
9.927429,76.279385,4.69,9.54,14.13,7.3,10,high,0
9.924182,76.24897,3.01,13.32,37.43,4.5,6,high,1
9.927723,76.384486,1.91,5.19,10.79,7.5,6,medium,0
9.949077,76.240675,3.12,5.41,15.85,8.0,5,high,1
9.929157,76.166982,4.47,12.88,37.85,2.6,5,medium,1
9.996666,76.238652,6.55,11.26,27.61,3.4,2,high,0
10.008829,76.329523,59.04,103.08,181.84,7.7,9,high,1
9.907148,76.391363,43.47,134.61,183.99,7.7,3,high,1
10.081685,76.28889,24.28,43.02,75.88,2.6,2,high,1
9.901595,76.385456,8.49,14.79,30.52,2.1,1,high,1
9.850576,76.171346,5.09,12.77,36.97,3.0,3,low,0
10.010462,76.244539,1.02,3.33,5.53,8.0,0,high,0
9.914607,76.256914,74.0,160.64,357.62,3.1,2,low,1
10.005703,76.270835,16.99,25.72,40.3,5.0,4,high,1
9.787707,76.286728,13.66,26.27,31.37,7.1,3,medium,1
10.091396,76.335273,1.41,4.93,13.64,2.1,7,high,0
10.033783,76.244415,4.84,8.94,21.45,5.6,5,low,0
9.859962,76.291122,69.99,169.21,302.05,3.7,6,medium,1
9.861698,76.27639,3.06,6.16,7.4,7.2,1,high,1
10.113781,76.205929,5.77,10.17,14.04,3.7,4,high,0
9.92101,76.270907,6.49,14.19,17.87,6.1,3,high,0
9.913265,76.268507,44.45,73.23,151.45,6.0,7,high,1
9.798716,76.266794,7.91,14.09,16.66,3.3,4,high,0
9.951938,76.282541,30.12,59.34,166.44,2.2,3,medium,1
9.961782,76.286054,1.97,7.16,21.75,4.5,7,low,0
10.037239,76.245416,64.66,104.64,135.79,3.7,1,low,0
9.868074,76.381817,25.15,37.66,46.49,6.9,4,high,0
9.858377,76.186442,1.51,5.61,16.04,6.8,3,medium,1
10.016077,76.222322,10.61,23.89,65.91,4.7,5,low,1
10.060538,76.502397,0.01,0.04,0.14,5.6,2,medium,0
9.854308,76.196961,5.12,8.87,24.8,5.6,4,medium,1
10.066521,76.1717,21.93,39.11,94.2,7.0,4,high,0
9.983003,76.338758,2.65,9.8,11.76,4.6,4,medium,0
10.067344,76.11383,9.29,14.55,21.8,3.7,6,high,1
9.974382,76.261178,1.19,4.1,5.63,3.6,8,high,1
9.778218,76.451666,5.19,8.66,11.92,5.2,5,high,1
9.967843,76.156405,22.64,52.84,88.92,4.7,3,low,1
10.064812,76.121443,2.66,7.3,9.88,4.6,4,medium,1
9.9085,76.160066,37.12,133.0,211.88,2.5,3,low,1
9.948963,76.351869,32.95,116.1,245.45,6.3,5,high,1
9.965909,76.369982,3.02,5.68,9.34,3.3,6,medium,1
9.748039,76.238993,7.0,14.73,24.83,3.2,4,high,1
10.113708,76.334657,35.27,135.11,179.46,4.5,7,high,1
9.90789,76.39122,0.62,2.41,2.87,3.4,6,high,1
10.020459,76.422988,2.25,9.55,18.15,5.5,2,high,1
9.973064,76.260293,0.53,0.93,1.29,4.2,7,high,1
10.08061,76.095882,5.23,9.41,26.51,4.7,3,high,1
10.012484,76.21433,14.35,62.59,86.06,5.2,5,medium,1
9.961206,76.245856,5.84,12.17,24.14,3.2,2,high,1
9.908519,76.259285,1.83,7.57,23.52,2.9,4,high,0
10.043828,76.264971,31.07,47.66,95.36,7.3,6,high,1
9.830125,76.369512,38.22,58.48,91.98,4.6,6,medium,1
10.031671,76.381954,7.43,13.54,37.03,4.5,0,high,0
9.892076,76.266266,69.21,104.37,129.13,2.2,0,low,0
10.080183,76.367879,2.96,4.88,14.24,5.0,2,low,0
9.992904,76.308613,48.98,79.74,98.27,5.3,4,medium,1
10.03153,76.28516,6.32,13.03,18.92,5.4,3,medium,0
9.986559,76.352524,1.32,3.73,7.74,6.2,4,high,1
9.83981,76.28578,11.31,36.61,71.11,3.1,2,high,0
9.911142,76.444625,4.22,11.61,16.42,3.5,5,medium,0
10.033791,76.164927,83.87,163.09,258.54,6.9,7,high,1
9.993332,76.238786,3.79,13.22,19.75,7.7,3,high,0
10.074479,76.269878,27.23,82.7,160.88,2.8,3,high,1
10.012262,76.315156,57.3,132.01,232.29,5.0,2,high,1
9.902664,76.381437,2.27,7.17,8.49,3.3,3,high,1
9.916315,76.278048,35.77,72.37,173.28,2.4,5,low,1
9.988233,76.166222,1.44,2.18,4.12,4.0,3,high,1
9.794876,76.347401,21.0,36.58,79.43,2.9,5,high,0
10.113875,76.340397,18.33,34.38,47.7,6.3,8,high,1
10.01534,76.124651,23.02,46.86,65.06,5.2,8,high,1
10.078163,76.279696,13.01,29.3,63.58,2.9,2,high,1
9.853552,76.152789,2.32,7.93,22.99,2.1,3,medium,0
10.079565,76.226828,2.64,4.08,13.33,6.8,1,medium,0
10.15852,76.207775,0.43,1.34,2.5,3.1,2,low,0
9.87433,76.344741,17.67,71.92,136.81,5.6,3,high,1
10.041712,76.289346,31.01,53.92,63.92,4.0,5,high,0
9.980089,76.177153,4.77,16.57,29.67,5.5,4,high,1
9.856445,76.350405,0.73,1.9,4.32,3.9,3,high,1
10.019431,76.165296,4.33,20.24,25.61,2.5,3,high,1
10.046688,76.306409,2.27,8.46,14.84,3.3,4,high,0
9.93191,76.214879,30.33,105.83,168.11,3.1,4,high,1
10.073273,76.250746,24.09,106.04,300.72,4.6,5,medium,1
9.846659,76.320342,6.62,12.54,24.55,5.9,7,high,1
9.86042,76.321716,0.8,1.29,1.58,3.6,3,high,1
9.990928,76.386958,5.45,14.09,22.58,2.1,2,medium,0
9.982031,76.27342,20.5,32.16,65.7,5.1,1,medium,1
9.922674,76.304516,8.04,26.22,40.71,5.6,6,high,0
10.044768,76.244981,51.47,141.9,177.22,7.8,4,low,1
10.022472,76.294559,0.89,3.24,7.2,5.5,3,high,1
10.048651,76.315159,49.65,97.29,168.38,4.8,6,medium,1
9.970149,76.272135,23.41,57.11,69.04,5.4,1,high,1
10.028206,76.1357,3.79,7.48,18.94,7.6,1,high,1
9.944348,76.306518,21.49,37.0,53.17,7.0,3,high,1
10.144305,76.309165,0.91,1.91,3.0,3.9,3,high,1
9.914996,76.225586,17.86,34.77,51.6,3.4,3,high,1
10.148424,76.177249,37.03,55.46,112.46,3.6,4,high,1
9.982791,76.39807,3.27,9.36,19.81,5.0,4,high,0
9.869959,76.319316,39.69,104.56,154.6,6.5,3,high,1
10.089446,76.261674,16.5,29.52,70.53,5.0,2,medium,0
9.990072,76.189037,0.1,0.2,0.37,2.4,6,high,1
10.04809,76.214255,7.64,26.41,65.46,6.3,4,high,1
10.077908,76.384207,8.5,21.91,71.92,6.8,5,medium,0
10.007036,76.291013,7.14,16.45,19.73,3.7,4,medium,1
9.932621,76.235953,0.72,1.75,3.25,6.0,2,low,0
10.058057,76.320775,0.49,1.69,2.03,4.6,2,high,1
9.98006,76.214848,0.13,0.2,0.52,7.3,4,high,0
10.034869,76.400067,5.69,9.79,15.72,7.1,1,low,0
9.807702,76.388224,2.85,6.46,15.74,5.2,3,high,1
10.015759,76.242674,9.79,18.12,24.67,6.1,5,high,0
9.928913,76.229706,55.38,85.38,116.79,7.3,2,medium,1
10.112265,76.070549,0.81,3.0,8.3,5.0,4,high,1
10.029847,76.161474,36.64,112.68,140.56,3.9,4,high,1
9.999189,76.172842,12.72,26.98,66.28,6.5,1,high,0
10.018905,76.290815,27.44,45.77,71.84,3.3,2,medium,0
9.900125,76.253901,3.69,16.91,20.08,4.3,5,medium,0
10.109861,76.172373,139.56,201.67,256.8,7.2,3,medium,1
10.13931,76.257507,20.04,46.88,56.75,6.3,3,high,1
10.011433,76.320427,30.58,80.55,164.91,4.4,4,high,1
10.107232,76.322227,1.52,4.39,12.27,3.3,5,high,1
9.934468,76.128026,0.63,2.19,5.42,4.1,5,medium,0
9.916231,76.269739,11.48,19.26,33.49,3.7,6,medium,1
9.983274,76.169333,0.0,0.0,0.0,3.1,0,high,1
10.014795,76.352138,9.48,23.3,60.91,6.5,3,high,1
9.948481,76.342732,1.24,1.84,2.78,3.5,4,high,1
10.023021,76.208158,10.88,17.78,37.19,4.7,2,high,1
10.004511,76.218716,50.19,113.93,233.62,4.3,5,medium,1
9.900135,76.243099,18.91,35.21,53.02,7.9,4,medium,1
10.021503,76.099777,27.15,65.03,116.79,4.3,5,medium,1
10.049082,76.306877,21.02,43.85,58.73,2.5,1,medium,1
9.993718,76.258172,2.45,10.72,27.78,2.5,2,low,0
10.072212,76.357614,81.45,148.59,202.31,5.5,2,medium,1
9.882608,76.192127,9.67,42.73,127.42,5.6,4,low,1
10.017436,76.23047,27.32,44.9,110.38,4.5,3,medium,0
9.886378,76.159478,2.99,4.89,7.4,4.6,3,high,0
9.890873,76.199657,6.96,21.84,28.35,2.3,4,medium,1
9.929526,76.185441,3.56,9.83,22.39,5.1,7,high,1
9.904635,76.359678,3.66,8.3,17.3,5.0,3,high,0
9.93616,76.224139,9.22,18.51,31.08,2.9,6,high,1
9.962868,76.289934,11.71,34.07,81.83,2.6,5,high,1
10.046972,76.249539,65.67,132.34,177.36,2.7,2,low,1
9.954307,76.178443,4.31,12.35,17.03,2.6,2,high,1
9.85315,76.266536,0.9,3.96,10.44,5.7,5,high,1
10.071205,76.327928,16.61,82.53,148.68,3.2,3,high,0
9.913033,76.183379,3.44,13.73,18.91,3.5,7,medium,0
9.975302,76.344729,18.52,31.07,64.0,3.0,7,medium,1
10.015723,76.212022,5.27,7.74,11.95,7.7,5,medium,1
9.995969,76.241361,1.46,3.52,10.75,7.1,7,high,1
10.067534,76.322455,52.72,115.52,181.99,3.4,2,high,1
10.01832,76.226925,2.43,8.89,23.16,4.0,8,medium,1
9.911095,76.283006,5.43,11.41,15.08,3.3,7,high,1
10.154285,76.254825,0.69,2.52,5.08,5.0,3,high,1
9.995547,76.290349,39.45,78.03,171.56,2.1,4,high,1
9.968213,76.089541,86.95,130.44,171.07,6.0,3,high,1
10.057114,76.133625,2.41,8.1,24.73,5.1,3,high,0
9.999956,76.329277,6.59,11.32,21.85,7.4,3,low,0
10.011938,76.362975,7.98,37.71,74.89,3.0,2,high,0
10.179375,76.207161,1.08,2.79,6.12,6.8,5,medium,1
9.95799,76.260478,13.74,53.79,67.11,6.8,5,high,1
9.954579,76.303578,5.52,14.67,20.58,2.8,2,high,1
9.989326,76.335457,0.55,1.94,5.77,4.4,5,high,1
10.065721,76.117786,8.02,20.74,29.92,3.0,2,high,1
9.859477,76.209117,5.91,14.45,24.49,3.5,4,medium,0
9.822756,76.253394,29.56,84.39,106.08,3.6,1,medium,0
9.933031,76.336251,5.43,10.28,21.77,5.3,1,high,1
9.849286,76.479874,0.04,0.06,0.1,4.5,3,medium,1
9.946013,76.26176,42.33,105.75,183.78,7.7,3,high,1
10.0202,76.167442,1.96,6.63,11.65,2.8,1,low,1
9.90874,76.312181,6.82,20.35,36.94,7.8,5,medium,1
9.865854,76.38568,4.47,7.12,17.25,3.4,6,medium,1
9.985547,76.288641,18.52,38.13,53.28,6.6,0,high,1
10.049003,76.207468,6.77,15.83,28.87,4.0,2,high,1
9.844402,76.35664,0.92,3.36,4.07,2.9,5,medium,1
10.045619,76.333084,21.81,51.33,115.75,7.1,3,low,1
10.045384,76.197914,7.86,23.16,34.28,3.9,4,high,1
10.056327,76.310514,10.87,16.19,19.81,6.0,2,medium,0
10.077478,76.359781,19.55,30.45,45.8,5.4,5,high,1
10.156161,76.374551,5.59,23.12,29.67,4.8,6,high,0
9.951513,76.274684,4.19,9.14,12.11,5.0,2,high,0
9.988766,76.251354,0.35,1.13,2.27,6.4,4,high,0
9.946685,76.378182,0.82,2.03,3.22,2.5,6,high,0
9.980158,76.183187,1.48,2.31,5.99,6.0,5,high,0
10.10263,76.315086,45.56,98.25,165.25,7.4,5,high,1
9.872399,76.170398,11.16,30.4,71.23,2.3,6,high,1
9.911116,76.36523,70.84,233.09,328.73,2.8,4,medium,1
10.090174,76.259356,2.96,4.93,8.35,6.3,8,high,0
10.061603,76.381487,1.84,3.58,6.81,4.6,0,medium,0
9.950949,76.319313,25.79,59.41,132.66,4.4,2,high,0
10.048352,76.182142,16.02,51.89,61.09,2.8,1,high,0
10.007297,76.39397,9.3,25.35,74.67,5.0,1,medium,0
10.100022,76.4041,0.72,1.07,3.29,2.8,6,medium,0
9.985961,76.350583,0.24,0.52,1.23,4.9,8,high,1
10.062051,76.219073,5.8,14.48,17.36,6.6,3,high,1
10.191361,76.255519,127.42,276.56,329.8,3.5,3,high,1
10.027848,76.291634,8.23,13.97,21.16,4.9,8,high,1
9.983946,76.223703,42.43,114.66,146.24,8.0,4,medium,1
10.037796,76.415388,8.79,30.37,72.7,6.1,2,high,1
9.950778,76.291546,5.25,10.66,12.78,7.0,8,high,1
10.171037,76.063732,14.25,26.76,70.69,4.5,4,high,1
9.994406,76.307148,34.94,62.81,176.62,6.6,5,low,0
9.958165,76.252147,38.01,59.3,163.95,2.2,5,high,1
9.913145,76.274006,1.84,4.76,7.74,2.7,4,medium,1
10.067778,76.25051,0.85,3.58,4.91,3.2,3,medium,1
10.049375,76.344564,4.67,6.87,13.7,4.4,6,high,1
9.940212,76.369575,3.96,9.49,11.33,7.1,3,medium,0
10.026116,76.302644,18.99,37.13,68.89,4.1,2,medium,0
9.859316,76.252855,17.45,32.73,85.5,5.9,1,high,1
9.994798,76.276693,1.7,3.58,6.44,6.3,2,high,1
10.016221,76.281568,12.76,42.15,62.59,5.5,1,high,1
10.116586,76.215806,13.02,22.54,29.75,4.1,3,high,1
9.918334,76.326314,2.67,4.43,8.02,5.5,7,high,0
9.877732,76.316803,2.89,6.06,9.68,4.1,1,medium,1
9.908366,76.403235,11.15,25.09,56.13,2.5,0,high,0
9.873075,76.380428,15.42,60.02,91.6,8.0,4,high,1
10.086933,76.225146,13.87,57.3,68.03,2.8,8,high,1
10.103891,76.345624,1.35,3.66,11.19,2.4,3,low,0
10.005617,76.203924,6.42,18.06,22.93,7.3,3,medium,1
10.077704,76.335675,4.82,7.13,11.7,3.8,7,high,1
9.990717,76.238671,10.06,17.0,38.75,5.9,4,high,1
9.972391,76.19814,39.31,74.18,89.89,4.0,2,high,1
9.953357,76.302404,0.02,0.05,0.09,4.3,1,high,0
9.955169,76.066035,17.91,63.14,130.88,3.6,6,medium,1
9.856176,76.139922,8.37,12.14,30.36,4.1,5,high,0
10.00114,76.265801,7.51,19.37,44.59,4.5,3,high,1
9.976773,76.286595,54.97,216.86,286.07,6.3,5,high,1
10.039629,76.250454,1.96,4.4,6.89,5.1,2,medium,1
9.987482,76.153645,47.73,74.93,93.4,7.7,2,high,1
9.966984,76.214569,5.33,8.28,19.37,2.3,3,high,0
9.910305,76.311297,1.78,8.68,23.67,5.0,4,low,0
9.985772,76.326543,16.69,25.95,85.55,5.5,5,high,1
10.039059,76.278702,17.77,52.91,91.34,7.5,4,low,0
9.888533,76.372547,13.6,61.98,73.0,2.3,4,high,1
9.986998,76.311792,11.45,18.34,26.89,5.4,7,high,1
9.998643,76.220204,21.93,34.7,73.88,7.1,4,medium,1
9.922555,76.25756,29.41,59.05,75.49,3.5,3,medium,1
9.932971,76.167771,7.77,15.94,21.84,7.3,2,high,0
9.998449,76.271349,20.07,33.09,107.27,2.1,2,high,1
9.889326,76.368968,31.97,53.89,71.93,6.4,2,high,0
10.007994,76.334823,12.26,19.01,40.85,7.6,3,medium,1
9.908372,76.392161,2.98,6.25,16.36,5.9,5,high,0
10.065028,76.255769,8.42,12.31,29.0,4.6,4,medium,1
10.167026,76.387688,87.06,124.72,223.62,2.3,4,high,1
9.911139,76.264536,8.78,33.99,63.68,7.5,5,high,1
10.022737,76.397727,78.89,126.27,275.16,4.8,3,high,1
9.921861,76.278251,4.12,9.16,23.2,2.2,3,high,0
10.063276,76.336579,13.15,33.4,46.44,6.1,1,medium,0
9.878779,76.398009,71.16,140.48,166.33,4.9,6,low,1
10.018447,76.264526,7.87,34.53,47.45,2.7,5,high,1
9.910161,76.297471,15.51,34.23,73.96,3.3,6,high,1
9.963441,76.383109,20.16,31.73,72.99,2.4,3,high,0
9.897518,76.26936,14.1,45.98,109.56,5.4,3,high,1
10.045788,76.174329,26.05,63.04,168.02,5.7,3,high,1
9.913042,76.451441,8.56,12.78,21.19,5.0,2,high,0
10.024157,76.242419,25.47,61.47,97.12,6.9,5,high,0
9.952472,76.2927,4.07,10.74,15.61,7.2,4,low,0
9.970842,76.372481,0.51,1.22,1.82,5.7,3,medium,0
9.99182,76.23132,34.5,75.04,162.85,2.1,4,high,1
9.919054,76.199371,1.08,2.1,4.36,6.2,5,high,0
9.996829,76.300299,33.4,55.63,82.44,4.5,3,high,1
10.102427,76.136554,2.1,4.92,10.01,5.4,3,medium,1
9.917752,76.256968,3.66,6.01,14.42,5.9,3,high,1
10.073745,76.299603,16.0,34.27,67.75,4.1,5,medium,1
10.099848,76.258404,4.04,10.95,24.36,7.5,5,high,0
9.914708,76.156524,22.34,42.23,121.15,2.8,8,medium,1
9.863596,76.407534,0.64,1.14,1.51,6.0,7,low,1
10.004157,76.288283,6.9,14.41,18.73,2.0,2,medium,0
9.936207,76.394492,1.36,5.95,14.13,7.5,4,medium,0
10.129488,76.259197,1.07,3.76,11.2,2.7,3,high,0
9.982785,76.209599,26.01,75.91,107.47,2.6,3,low,0
9.915824,76.301534,1.78,5.23,12.56,4.0,7,medium,0
9.888227,76.262737,11.62,21.65,41.93,4.2,3,high,1
10.067192,76.185779,10.83,51.8,154.49,3.3,6,high,1
9.934305,76.397583,12.8,22.15,52.19,5.5,2,low,0
9.983506,76.230218,40.91,122.98,167.07,4.7,5,low,1
10.056464,76.132779,3.58,10.09,13.59,2.2,6,high,1
9.941259,76.386253,1.14,2.47,5.96,3.9,10,high,1
9.976326,76.239656,24.54,79.68,164.36,6.9,2,high,1
9.978675,76.231374,12.69,19.76,52.86,6.1,5,high,1
10.034666,76.138769,2.92,12.04,35.34,6.3,5,medium,0
10.02726,76.419275,20.06,47.51,56.18,6.2,5,medium,0
9.962391,76.176842,3.69,5.91,8.94,3.9,2,high,0
9.985092,76.284676,6.41,12.63,21.11,2.6,4,high,1
9.950258,76.35301,30.6,88.4,122.6,3.6,1,medium,1
9.861791,76.313737,19.18,46.73,61.32,7.0,4,high,0
10.000608,76.275228,12.25,22.14,29.78,7.9,2,medium,1
10.131375,76.143867,24.74,36.04,116.58,5.0,3,medium,1
9.909302,76.215222,6.4,9.9,24.58,2.1,1,low,0
9.918158,76.295024,4.95,13.34,20.21,2.8,1,medium,0
9.910342,76.217026,32.51,46.51,91.79,3.9,5,high,1
10.037967,76.296269,17.66,87.54,104.17,5.5,2,high,0
10.015879,76.334539,5.91,27.63,41.49,2.5,5,low,0
9.967317,76.357,8.22,13.43,16.26,7.7,8,high,1
9.906558,76.181906,2.33,7.77,18.92,4.2,2,high,0
9.98739,76.455732,11.16,48.43,62.48,7.5,4,high,1
9.85483,76.341398,1.94,6.08,12.75,6.7,2,high,0
9.991474,76.279863,55.84,135.2,160.14,6.5,3,medium,0
10.049722,76.367163,56.55,100.04,258.67,5.6,7,high,1
9.879904,76.469233,26.32,51.4,88.01,5.8,6,high,1
9.857399,76.164902,3.31,10.39,14.11,5.8,5,high,1
10.106355,76.261979,42.52,94.14,174.99,5.8,1,high,1
9.931059,76.089725,7.33,11.05,19.82,5.3,8,medium,1
10.070876,76.295412,7.4,12.19,14.47,7.9,8,high,1
9.96768,76.309232,3.12,8.63,16.17,6.4,3,medium,0
9.967044,76.276867,10.17,14.71,23.26,6.7,5,medium,1
10.015073,76.227637,21.95,39.59,119.98,7.2,5,medium,1
9.90928,76.116039,1.46,6.32,8.28,3.3,2,high,1
9.9906,76.309883,3.49,16.04,24.43,2.5,6,medium,0
9.949481,76.396435,49.78,175.16,335.42,4.9,4,high,1
9.874361,76.232719,1.41,2.49,8.08,5.1,4,high,1
10.006999,76.315205,22.58,77.36,123.7,7.0,2,high,1
9.958935,76.154548,1.45,3.19,10.38,4.7,7,medium,0
9.967438,76.316577,0.28,1.12,3.73,5.4,4,high,1
9.883187,76.248529,74.08,112.16,175.57,5.2,7,high,1
10.107312,76.219007,1.52,4.08,10.11,2.2,2,high,0
10.050137,76.219171,18.24,27.89,68.77,5.7,11,high,1
10.057132,76.248511,2.1,3.12,4.73,7.0,3,high,0
9.955564,76.310595,0.92,4.51,13.7,2.9,4,high,1
9.841665,76.175027,0.12,0.28,0.6,5.6,2,high,1
10.136233,76.248231,1.55,7.3,19.11,5.6,3,medium,0
9.975112,76.276682,5.88,8.99,14.52,3.0,0,high,0
9.920096,76.192077,42.9,93.41,140.69,2.7,4,high,1
10.013344,76.423733,4.56,19.22,27.59,7.9,5,high,1
10.07337,76.21172,0.59,2.32,5.28,4.4,3,high,1
9.978156,76.226445,0.25,0.65,1.86,3.4,3,medium,1
10.082286,76.201735,24.23,36.16,105.34,3.0,6,high,1
10.06664,76.423878,41.14,75.28,140.88,6.0,3,high,1
9.89389,76.324232,27.71,43.73,53.31,5.7,4,high,1
9.926097,76.205073,22.4,58.46,139.28,5.9,5,medium,0
10.056603,76.368499,1.34,6.06,13.73,2.5,2,high,0
9.762991,76.296056,1.67,2.43,6.83,7.4,3,high,0
9.968044,76.30058,4.92,23.57,37.23,4.3,5,low,0
9.865534,76.252442,14.46,21.47,31.85,3.9,6,medium,1
9.941876,76.220047,16.94,44.09,67.45,4.8,3,high,1
9.956094,76.307021,2.44,11.92,15.41,4.3,3,medium,1
9.95134,76.236393,66.01,121.21,213.57,7.2,5,high,1
9.935819,76.42534,24.16,35.0,93.61,7.6,4,medium,1
9.892229,76.178457,6.84,10.02,21.83,3.8,4,high,1
10.163353,76.402893,11.58,41.28,62.14,7.2,1,high,0
10.129397,76.271094,3.05,10.5,16.48,6.7,5,high,1
9.887035,76.303927,2.91,6.02,10.17,7.6,5,high,0
10.106569,76.346653,2.3,4.42,6.55,3.5,1,high,0
9.948043,76.22958,9.08,15.93,24.49,5.5,5,high,0
9.990335,76.34914,4.54,15.64,19.93,3.6,4,medium,1
9.974938,76.063396,45.11,66.39,106.69,6.9,0,high,1
9.92722,76.222401,8.01,15.43,21.19,2.0,5,medium,1
10.058708,76.206075,17.14,27.49,62.95,5.4,3,high,1
9.990071,76.17972,2.35,5.0,7.43,4.0,3,medium,0
9.941876,76.262804,3.46,8.49,10.66,3.9,3,medium,0
9.875633,76.31086,33.34,48.41,94.53,5.9,6,high,1
9.908512,76.336213,10.93,22.26,30.55,7.1,6,low,1
9.84869,76.29927,137.23,216.64,310.1,5.7,3,low,0
9.980978,76.226745,51.37,75.92,228.15,7.1,2,high,1
9.884267,76.309521,6.83,12.71,20.5,3.6,4,high,1
9.958755,76.289943,4.39,9.25,24.89,5.1,6,high,0
10.089608,76.354884,13.94,69.1,83.05,4.7,5,high,1
10.075944,76.342155,43.53,197.87,265.15,2.1,5,low,1
9.977418,76.282438,7.05,23.46,65.1,5.3,5,high,1
9.973033,76.20822,16.97,57.92,157.84,6.0,4,low,0
10.13039,76.227764,31.77,97.05,154.8,5.6,2,high,1
10.02166,76.236017,1.51,4.27,8.72,6.4,3,high,1
9.953775,76.254779,5.79,15.22,47.69,5.4,2,high,0
9.865919,76.301444,33.72,82.19,137.47,2.4,4,high,1
10.01151,76.337214,9.44,37.83,73.7,2.7,3,medium,1
10.046346,76.275911,0.64,2.91,8.19,5.6,2,high,1
9.929468,76.28129,9.18,17.1,23.08,3.6,2,high,1
10.003296,76.291465,2.54,5.41,6.73,2.5,2,medium,0
9.950914,76.238728,7.47,17.71,24.73,4.6,4,medium,0
9.965277,76.205969,56.57,109.37,145.38,5.3,1,high,1
9.780974,76.139565,2.98,4.86,11.59,4.0,2,high,1
9.962257,76.224388,2.82,6.82,15.33,6.3,6,high,1
10.05755,76.317852,1.47,2.83,6.81,5.9,3,high,1
9.929488,76.223767,18.88,27.9,38.71,4.0,4,low,0
9.984202,76.260975,15.62,25.2,30.68,6.5,3,high,0
9.919524,76.317315,0.82,1.98,2.85,5.9,3,high,1
10.008835,76.321655,3.56,6.82,8.69,5.8,7,medium,1
9.962678,76.193637,3.58,12.42,19.07,5.3,3,high,1
9.904861,76.359765,13.65,28.43,55.4,2.1,2,medium,0
10.086604,76.370188,0.95,1.37,2.56,6.2,0,low,0
10.054315,76.189612,52.27,113.83,333.4,4.3,4,medium,1
9.931607,76.214093,11.6,17.47,55.07,7.7,3,high,0
10.019823,76.375287,6.62,16.39,24.02,6.9,4,high,1
10.022993,76.268252,22.14,31.66,58.51,5.5,7,high,1
10.031384,76.102418,1.29,2.64,4.38,3.5,4,medium,0
9.84446,76.168025,6.53,29.54,48.69,3.2,5,high,1
10.060529,76.26005,3.62,7.34,16.21,4.0,8,high,1
9.934424,76.186957,5.0,14.84,26.41,4.9,3,high,0
9.951374,76.246926,9.25,42.79,76.57,3.8,1,high,0
10.191031,76.282592,27.78,45.5,88.59,5.1,9,high,1
10.00415,76.39698,1.6,4.73,6.29,3.0,3,low,0
9.949094,76.256764,3.52,5.89,10.74,7.9,2,high,1
9.803576,76.365803,10.74,31.2,49.37,2.6,8,high,0
10.091181,76.394301,21.08,70.93,89.49,7.6,7,high,1
9.872383,76.394745,77.72,113.13,145.71,7.5,4,medium,1
9.899725,76.30278,4.48,11.77,14.9,5.2,2,medium,0
9.953492,76.122937,1.65,3.3,7.36,6.3,1,high,1
10.093313,76.316866,4.14,8.2,25.68,4.6,8,medium,0
10.041859,76.363872,0.41,0.86,1.94,5.8,5,medium,0
9.967373,76.273515,2.92,4.44,9.79,4.0,3,high,1
10.004663,76.419567,1.65,3.08,3.85,3.8,5,high,1
9.931969,76.348787,11.58,28.81,43.84,5.5,4,high,1
9.991172,76.325462,63.81,101.09,293.07,5.0,3,high,1
9.985867,76.36691,30.3,104.29,278.5,5.5,1,medium,1
10.057502,76.30667,1.05,2.23,5.78,3.7,5,high,1
10.057374,76.080575,18.43,27.29,42.19,4.2,3,low,0
10.019518,76.240069,50.38,98.26,139.47,2.5,4,high,1
9.951012,76.375773,10.12,16.63,21.52,2.3,8,high,0
10.039346,76.215393,26.98,51.22,62.66,3.5,1,high,1
9.972643,76.262122,3.52,5.69,13.84,2.4,6,medium,1
9.893447,76.196413,2.86,4.26,9.06,2.6,4,high,1
9.947737,76.422714,1.33,3.94,9.13,6.9,5,medium,0
9.986762,76.414519,3.11,10.93,21.99,2.2,1,high,0
10.052817,76.20929,9.57,21.65,26.96,6.0,7,high,1
9.965318,76.291784,8.39,15.22,24.7,3.6,2,high,1
9.883264,76.22556,3.68,11.73,16.61,7.2,6,medium,0
9.984539,76.329196,1.96,9.7,17.03,4.9,3,high,0
9.989076,76.320775,9.27,24.95,78.99,3.8,8,high,0
9.994867,76.344936,12.69,18.53,55.28,5.1,5,low,0
10.05359,76.306553,16.06,29.34,49.24,4.3,6,high,1
10.061514,76.514832,8.44,21.06,30.29,5.4,6,medium,0
9.932463,76.197766,0.86,2.91,6.95,2.7,2,high,1
9.930709,76.143152,5.87,15.51,22.26,8.0,5,high,1
9.896784,76.248553,11.16,39.16,52.5,4.6,5,high,1
10.035905,76.154561,1.38,5.44,10.34,4.1,6,high,1
10.095906,76.160603,0.84,1.29,1.82,6.3,4,medium,0
9.954793,76.199895,22.15,31.7,60.71,4.2,2,medium,0
9.960686,76.206225,3.34,11.83,17.57,7.0,5,high,0
10.097343,76.203631,2.51,11.06,15.35,4.7,7,high,1
10.020445,76.321458,15.58,42.71,50.51,6.3,4,medium,1
10.014899,76.239505,2.29,5.31,10.84,2.6,5,high,0
9.884727,76.265639,8.7,28.76,54.66,7.1,2,high,1
10.034298,76.351539,5.03,14.34,36.67,6.4,6,medium,0
9.905669,76.218694,8.93,29.71,72.06,3.3,4,high,1
9.889278,76.258836,21.78,37.09,54.44,2.9,5,low,0
9.952258,76.309261,3.48,6.26,7.78,3.9,3,high,1
9.933137,76.124675,3.01,5.81,11.24,7.9,5,low,0
9.962272,76.089208,3.16,8.03,20.14,3.5,5,high,1
9.864721,76.307689,1.21,1.85,4.04,4.7,4,high,1
10.056705,76.319361,87.69,128.06,232.71,2.2,7,high,1
10.070215,76.445138,19.3,67.3,146.35,4.4,1,high,1
9.824213,76.292648,1.05,3.38,7.89,5.4,2,high,0
10.058277,76.345579,6.46,13.96,19.81,7.7,5,medium,1
9.915158,76.264362,0.24,0.99,3.26,5.1,2,high,1
10.048558,76.303778,4.76,11.38,19.07,6.9,5,high,0
9.974524,76.413381,0.62,1.26,1.71,5.3,4,high,1
9.982302,76.110081,5.28,11.44,25.63,2.2,0,medium,0
10.42218,76.097136,2.88,7.16,23.36,10.1,1,low,0
10.446749,76.238533,7.31,29.35,64.01,6.8,3,medium,0
10.454423,76.388958,3.38,4.91,16.1,8.1,2,high,0
10.546901,76.103651,0.34,1.25,2.92,5.1,4,medium,1
10.543203,76.187239,1.84,4.96,9.34,6.5,5,high,0
10.551519,76.008123,0.46,1.27,3.47,13.9,2,high,0
10.567687,76.185925,5.86,24.68,69.06,14.8,3,medium,1
10.443992,76.261417,4.1,14.86,18.74,11.1,2,medium,0
10.422546,76.267651,2.62,11.78,18.94,14.1,1,low,0
10.551706,76.216189,16.23,46.89,57.61,11.1,3,medium,0
10.469581,76.281141,3.94,6.21,12.68,4.4,5,medium,1
10.394362,76.413684,0.93,2.52,3.75,15.0,5,low,0
10.597708,76.346984,0.89,3.4,8.24,5.1,5,medium,1
10.631608,76.168198,29.91,57.21,89.38,11.5,3,high,1
10.644573,76.093912,15.88,22.74,61.25,6.8,4,medium,1
10.534961,76.177508,8.74,27.65,91.82,8.3,2,low,0
10.570075,76.134241,41.05,120.81,148.72,11.1,0,low,1
10.629589,76.246108,126.45,184.35,304.61,8.8,3,medium,1
10.468687,76.115505,28.88,99.79,123.23,6.8,2,high,1
10.608854,76.204174,7.0,15.36,31.76,7.7,5,high,1
10.542032,76.277041,1.21,3.78,7.87,7.8,3,medium,0
10.593097,76.201944,2.77,4.16,8.0,14.6,2,medium,0
10.534887,76.134295,28.54,41.31,60.02,12.8,2,medium,1
10.623701,76.303985,74.42,122.53,200.47,9.0,1,low,1
10.537882,76.059682,19.21,53.76,66.45,6.2,3,medium,1
10.401282,76.183776,7.95,19.8,63.05,12.9,7,medium,1
10.636154,76.206667,7.6,23.66,34.32,5.7,0,medium,0
10.444198,76.211273,5.59,8.66,17.98,6.3,6,high,0
10.620245,76.22444,4.38,6.67,16.71,8.0,4,medium,1
10.512781,76.258835,14.84,36.24,62.41,13.7,0,medium,1
10.614081,76.207167,1.44,2.73,4.72,5.4,5,low,1
10.610781,76.180555,3.49,12.34,32.88,5.3,0,high,0
10.554411,76.177393,17.13,41.03,99.83,9.4,2,medium,1
10.560683,76.161079,30.68,59.49,113.42,7.0,1,high,0
10.55381,76.273003,4.09,10.41,19.84,10.3,3,medium,1
10.358894,76.158278,27.42,72.38,152.48,9.0,4,medium,1
10.529466,76.277742,1.77,8.83,23.14,8.8,2,medium,0
10.430715,76.21152,0.27,0.44,1.47,5.2,3,low,0
10.533695,76.1683,13.75,21.32,25.58,5.6,1,medium,0
10.428565,76.259473,9.8,14.31,17.48,13.0,3,high,1
10.425204,76.151804,2.21,3.95,6.98,13.7,1,low,0
10.648395,76.261055,3.36,7.08,8.35,6.6,3,low,1
10.605556,76.227018,11.74,35.09,52.34,5.2,4,medium,0
10.519669,76.162294,0.61,0.87,2.56,4.6,0,medium,0
10.534781,76.252291,10.31,20.84,57.13,10.7,2,medium,1
10.500167,76.253727,17.93,33.17,41.26,11.9,2,medium,0
10.56559,76.302602,19.82,36.62,56.64,8.1,2,medium,0
10.465916,76.287292,77.31,124.16,162.57,11.5,2,high,1
10.599499,76.249302,0.7,3.4,4.28,11.8,7,medium,0
10.499753,76.119793,3.94,12.71,23.27,14.3,3,high,1
10.486412,76.405887,2.31,4.33,13.27,4.7,6,medium,0
10.521737,76.097711,6.03,9.31,23.07,6.1,3,high,1
10.472708,76.285941,6.46,11.91,35.39,4.8,4,low,0
10.546295,76.244503,2.48,6.1,15.11,13.5,3,low,0
10.477011,76.116069,2.02,5.31,10.1,12.7,3,low,1
10.557482,76.200056,32.46,57.05,156.29,10.3,5,medium,1
10.617281,76.2037,12.36,21.66,55.3,4.9,1,high,1
10.462454,76.314447,13.65,27.11,49.73,7.0,4,medium,0
10.509554,76.152935,28.77,83.23,170.86,7.3,3,high,1
10.556906,76.189044,42.31,63.85,114.6,10.2,0,medium,0
10.485131,76.023114,9.18,19.3,36.0,6.8,3,medium,1
10.557146,76.348781,5.92,9.95,15.2,4.8,3,high,1
10.564432,76.124363,73.22,238.38,292.33,12.0,3,medium,1
10.606661,76.236153,6.28,16.87,46.95,7.3,1,medium,0
10.471521,76.201887,2.75,4.31,12.17,9.0,2,low,0
10.444578,76.20216,4.15,18.45,23.99,5.4,3,high,0
10.495394,76.274789,16.27,35.66,61.63,12.8,2,medium,0
10.44258,76.343701,27.55,62.49,86.61,10.2,3,medium,1
10.56516,76.230119,1.28,2.22,5.3,13.9,1,low,0
10.42706,76.262406,6.29,18.44,24.39,9.5,6,medium,0
10.706641,76.236311,37.84,122.25,151.28,14.4,0,high,1
10.623674,76.291403,73.68,111.12,171.08,13.8,2,high,1
10.521006,76.172967,1.32,2.72,7.6,10.3,1,low,0
10.589392,76.296031,3.71,14.7,18.55,14.3,1,medium,0
10.389056,76.29884,13.24,44.67,60.7,7.6,4,medium,1
10.72187,76.296603,3.67,5.25,7.37,8.0,2,low,0
10.472783,76.157188,12.67,42.53,132.84,4.5,2,medium,1
10.51036,76.196533,5.86,11.6,15.69,10.5,2,low,0
10.371525,76.229157,1.85,4.52,12.03,11.9,6,medium,0
10.558903,76.100333,5.61,8.73,20.68,12.5,1,medium,0
10.431492,76.337594,7.43,12.86,20.82,5.6,6,medium,1
10.528132,76.209018,4.72,9.48,21.27,8.9,3,medium,1
10.476458,76.232714,2.74,13.33,20.09,5.9,2,high,0
10.43378,76.16384,51.25,80.1,126.25,11.3,5,low,1
10.455651,76.10385,1.45,3.43,9.54,5.7,6,medium,1
10.538063,76.161678,71.4,107.25,162.29,13.9,1,low,1
10.417481,76.227536,4.43,9.9,12.26,6.5,2,medium,0
10.460095,76.263874,7.93,14.5,37.32,7.2,7,low,0
10.573062,76.222943,1.87,7.97,12.68,13.4,8,low,0
10.728198,76.237738,0.99,1.73,3.55,9.0,3,medium,0
10.558207,76.183038,12.15,32.94,59.58,4.3,4,medium,1
10.446619,76.2497,7.19,19.14,41.8,9.4,5,high,1
10.490631,76.328627,13.13,50.65,102.37,4.9,2,medium,1
10.522527,76.266383,15.15,55.42,175.43,14.8,0,high,1
10.492046,76.274763,15.7,53.62,63.84,10.5,4,medium,1
10.592245,76.233521,4.61,12.66,19.68,6.8,1,low,0
10.537398,76.089748,52.22,80.84,140.49,10.2,4,medium,1
10.592628,76.126427,13.14,34.22,66.96,4.8,5,medium,1
10.494844,76.24639,106.21,188.93,316.65,12.8,3,medium,1
10.62604,76.209125,16.94,70.18,137.87,14.2,2,medium,1
10.506681,76.245187,5.93,11.96,24.03,13.6,2,medium,0
10.442305,76.344114,1.17,2.66,4.79,7.8,1,medium,0
10.694186,76.268083,22.46,32.61,72.17,7.6,6,low,0
10.374002,76.310711,11.21,17.98,45.07,4.4,4,low,1
10.460901,76.217575,13.32,31.17,51.42,11.2,2,low,0
10.469838,76.145423,39.43,67.1,87.89,9.9,3,low,1
10.720665,76.205371,1.54,5.19,13.5,9.1,4,medium,1
10.664549,76.14562,2.34,4.86,15.28,14.0,5,low,0
10.639514,76.334664,2.58,10.87,24.94,5.8,1,medium,0
10.493547,76.273231,23.14,61.87,73.76,4.1,0,medium,1
10.714094,76.251641,17.34,55.42,73.32,4.8,5,low,0
10.549468,76.308875,3.06,5.47,8.71,6.5,1,high,0
10.598181,76.048395,26.92,60.48,74.56,4.4,4,medium,1
10.534376,76.257051,3.57,6.2,11.39,9.5,4,low,0
10.516043,76.105148,8.19,17.91,21.3,7.5,5,high,1
10.499858,76.20942,4.03,16.58,35.82,6.0,2,low,0
10.503229,76.185063,3.1,5.47,12.65,12.3,3,low,1
10.568679,76.262939,29.42,47.71,73.3,6.2,3,medium,0
10.549376,76.228255,57.75,88.61,174.44,11.6,4,medium,1
10.517482,76.317609,45.98,94.61,146.79,7.8,4,medium,1
10.640762,76.161848,5.38,9.33,19.95,9.6,2,low,0
10.28266,76.266729,12.47,21.64,33.82,14.3,1,high,0
10.560791,76.222978,7.67,27.59,61.08,4.4,3,medium,1
10.577419,76.079177,12.95,45.89,139.9,9.5,6,low,1
10.611757,76.136511,15.97,67.83,84.61,13.4,4,medium,1
10.51481,76.19801,0.8,2.22,2.83,10.5,2,high,1
10.536634,76.298983,0.99,2.26,2.71,7.0,5,low,1
10.598876,76.247098,29.7,42.49,61.22,8.4,0,medium,0
10.639293,76.1166,9.01,21.67,32.09,11.5,3,medium,0
10.495957,76.198775,4.0,7.1,11.69,13.8,5,medium,1
10.541358,76.371425,1.8,3.3,8.92,4.5,6,medium,0
10.654286,76.218898,6.41,21.22,52.53,4.8,2,high,0
10.350078,76.183814,1.86,8.11,17.66,7.6,4,low,1
10.464799,76.249339,6.39,13.52,17.12,6.6,5,low,0
10.637267,76.271071,2.8,5.09,12.89,6.9,1,high,1
10.607403,76.173507,6.55,9.37,11.61,6.4,4,medium,1
10.561796,76.250206,10.0,26.37,44.89,6.2,4,medium,1
10.484112,76.183689,9.69,14.94,21.55,5.4,7,medium,1
10.449455,76.267546,1.17,2.98,8.27,14.3,3,medium,0
10.472703,76.223575,1.58,2.9,6.48,5.6,4,medium,1
10.643841,76.248557,7.67,15.37,18.58,6.2,3,high,0
10.469725,76.149265,4.35,19.19,42.99,6.7,3,medium,1
10.528114,76.144297,2.35,9.81,21.17,14.3,1,medium,0
10.459703,76.28564,3.56,16.92,41.39,12.3,0,medium,0
10.587422,76.203648,2.51,6.51,17.55,12.7,10,medium,0
10.476902,76.232803,0.28,0.48,1.13,5.2,5,medium,0
10.512192,76.185488,1.8,6.3,9.64,13.2,1,medium,0
10.385329,76.281898,2.38,4.72,8.58,8.5,3,low,0
10.390931,76.161375,13.71,39.8,65.83,6.9,1,medium,0
10.520614,76.199152,16.12,26.94,73.35,10.3,1,medium,1
10.413987,76.272879,54.8,91.45,123.39,13.0,1,medium,0
10.688407,76.303837,8.86,15.08,20.62,12.6,2,medium,0
10.355078,76.168099,2.52,5.46,17.49,13.8,0,low,1
10.455986,76.366775,4.23,12.36,24.18,14.2,3,medium,0
10.521336,76.235059,32.72,54.11,160.17,6.6,2,medium,1
10.490789,76.126566,0.42,1.42,1.94,8.7,9,medium,0
10.431668,76.239524,4.34,12.58,17.83,4.2,2,medium,1
10.443366,76.17936,3.11,10.66,13.39,13.7,5,medium,0
10.440748,76.244725,0.09,0.18,0.41,5.7,3,low,0
10.497062,76.206572,67.4,124.1,225.24,13.5,2,medium,1
10.676154,76.215942,15.02,28.54,71.09,7.6,3,low,1
10.526235,76.137073,35.41,86.84,172.24,8.0,3,medium,1
10.614632,76.289205,9.54,38.14,64.94,4.4,3,low,1
10.560558,76.11751,16.0,24.4,74.09,7.6,2,low,1
10.609109,76.121299,6.34,13.98,20.16,13.8,5,medium,0
10.296003,76.239389,6.16,15.28,25.51,4.3,3,medium,0
10.495643,76.338228,2.69,5.44,7.2,8.5,2,medium,0
10.624571,76.181793,0.1,0.34,0.77,4.3,3,medium,0
10.474261,76.266078,6.3,23.67,29.71,8.1,4,medium,0
10.660998,76.295867,33.51,83.21,97.98,5.9,4,medium,0
10.638711,76.275175,12.68,40.42,50.18,6.8,2,medium,1
10.48247,76.185103,15.8,49.04,67.38,13.7,4,medium,0
10.479747,76.122716,10.4,16.09,21.55,8.8,5,medium,0
10.438912,76.033396,4.41,9.48,15.41,7.0,3,medium,0
10.469632,76.188973,4.15,9.39,23.2,10.5,2,high,0
10.421393,76.304247,18.31,33.62,50.0,5.6,2,low,1
10.554305,76.120067,159.01,235.3,340.03,6.9,2,high,1
10.403516,76.266017,2.45,9.56,11.35,10.0,2,low,0
10.568299,76.133988,2.55,4.14,6.93,6.6,4,medium,0
10.570246,76.218486,15.65,31.82,70.82,11.5,2,medium,0
10.387104,76.266623,21.37,78.24,115.73,9.4,3,medium,1
10.643985,76.15724,14.67,42.08,50.17,12.5,2,low,1
10.561089,76.223639,1.44,3.27,8.22,14.4,4,high,1
10.579976,76.176793,78.27,143.46,299.31,5.3,6,high,1
10.459307,76.266412,34.49,107.33,179.48,7.7,5,medium,1
10.56979,76.228825,0.12,0.25,0.64,7.5,4,medium,0
10.610111,76.214521,28.7,52.92,169.48,5.7,3,high,1
10.512111,76.334668,5.19,12.23,25.2,12.9,5,high,1
10.680154,76.262984,4.46,7.07,9.11,12.4,0,medium,1
10.523525,76.154772,6.87,10.83,33.43,9.3,4,medium,0
10.611263,76.203131,36.05,82.81,154.52,9.9,2,medium,1
10.543441,76.203928,13.59,19.8,27.53,4.7,3,medium,0
10.566842,76.216426,2.71,11.41,13.84,10.1,4,medium,0
10.386293,76.411961,39.58,196.26,233.09,12.7,6,medium,1
10.549684,76.239668,0.69,1.78,3.34,10.3,4,low,0
10.461202,76.047128,26.19,52.32,63.59,6.9,2,medium,0
10.452288,76.166576,5.9,11.46,35.87,11.3,3,medium,0
10.659528,76.05541,1.74,3.97,5.59,8.0,1,high,1
10.502898,76.183616,1.18,4.49,6.88,10.0,5,high,0
10.439736,76.051015,17.04,59.73,136.61,9.4,4,medium,1
10.491269,76.140273,5.98,9.55,16.49,8.2,2,medium,0
10.415964,76.088342,6.09,9.61,25.88,11.9,4,low,1
10.634711,76.240733,15.52,28.91,37.09,13.7,2,medium,0
10.464346,76.210043,12.31,23.13,46.55,4.1,3,low,1
10.562344,76.234237,13.37,26.8,41.6,14.3,2,medium,1
10.628489,76.201636,2.58,8.56,22.1,9.6,0,medium,0
10.479988,76.098456,3.37,8.14,19.69,11.7,1,medium,1
10.562562,76.251082,65.2,118.99,140.72,13.4,3,low,1
10.437593,76.363778,14.02,29.93,41.9,9.1,3,high,1
10.715662,76.242737,3.04,14.52,17.52,13.2,7,medium,1
10.59491,76.175926,103.92,153.56,331.85,6.0,3,low,1
10.504591,76.095755,33.41,53.68,137.46,5.8,2,low,1
10.458173,76.137355,3.74,11.31,19.61,11.2,3,medium,0
10.51088,76.246243,91.54,180.11,314.84,13.6,5,low,1
10.492801,76.295849,14.05,21.23,53.59,13.8,4,medium,0
10.676236,76.230869,1.36,5.49,7.8,11.1,4,medium,0
10.421957,76.273991,4.2,9.3,18.64,9.8,0,high,1
10.530784,76.266614,6.09,14.22,35.34,7.6,4,low,0
10.518533,76.250523,30.66,75.69,156.85,14.8,9,medium,1
10.510607,76.157322,7.58,12.27,20.11,7.5,1,medium,0
10.511311,76.223914,5.61,14.38,20.55,12.2,2,medium,1
10.510714,76.14213,1.55,6.68,11.82,9.9,2,medium,1
10.589845,76.211394,4.75,20.4,34.62,10.7,3,high,0
10.568719,76.236469,0.21,0.94,2.49,8.3,4,low,0
10.553513,76.344303,6.04,14.92,18.58,14.6,6,medium,0
10.277281,76.105221,31.43,56.2,69.31,10.3,8,high,1
10.543984,76.248521,29.24,96.88,143.34,14.3,2,low,1
10.387549,76.328499,5.22,9.97,32.21,4.1,6,low,0
10.571706,76.270708,7.56,13.92,23.37,10.3,4,low,0
10.63796,76.276636,5.23,15.98,24.73,11.9,8,medium,1
10.445901,76.257016,4.59,9.18,10.83,12.2,0,medium,1
10.499058,76.313867,132.02,243.39,287.07,14.0,1,low,1
10.472052,76.123002,52.37,120.85,156.61,4.0,6,medium,1
10.618835,76.099126,2.27,6.17,18.41,4.0,2,medium,0
10.527602,76.209493,10.16,19.94,24.19,9.2,3,low,0
10.658266,76.037107,13.49,19.58,30.74,4.3,1,medium,0
10.5531,76.308452,16.54,40.01,54.04,14.7,3,medium,1
10.539396,76.307657,12.36,31.23,59.6,6.4,1,high,0
10.525457,76.175332,34.64,80.16,168.46,9.2,2,medium,0
10.585439,76.180338,22.03,92.53,166.78,4.7,4,medium,0
10.380985,76.204212,13.41,28.14,73.9,9.7,6,medium,0
10.526828,76.214162,23.29,63.92,128.77,8.2,2,medium,1
10.514396,76.220174,32.64,125.19,162.23,4.5,2,medium,1
10.578034,76.254659,16.66,38.46,119.86,7.7,2,high,0
10.504984,76.19619,19.78,98.05,256.02,8.3,4,medium,1
10.436901,76.285455,0.94,2.34,6.33,14.9,3,high,1
10.520588,76.245676,2.7,10.67,20.46,6.3,6,high,0
10.433373,76.161443,32.13,151.44,178.51,10.0,3,low,1
10.365979,76.316809,24.67,40.29,101.92,14.9,2,low,1
10.57817,76.101339,20.23,30.74,80.89,12.7,2,low,1
10.566325,76.202627,4.98,16.38,20.39,14.9,5,medium,0
10.557367,76.287353,20.65,43.98,56.01,14.7,3,low,0
10.624234,76.152154,2.58,7.62,23.99,9.4,7,high,1
10.466797,76.234764,11.99,26.83,37.61,11.7,2,low,0
10.405511,76.253467,0.49,1.17,1.78,5.2,4,medium,0
10.514398,76.141158,2.97,8.89,12.31,8.9,2,low,0
10.4922,76.204202,0.67,1.22,2.14,12.9,2,high,1
10.452616,76.19748,8.48,32.2,38.09,9.6,2,medium,0
10.513612,76.165861,0.23,1.02,3.15,11.7,4,high,1
10.471072,76.394134,1.4,2.4,5.6,12.2,3,high,1
10.37312,76.148951,0.73,1.37,2.65,6.8,6,medium,1
10.484706,76.290394,5.86,13.05,23.85,13.6,4,low,0
10.42909,76.178576,80.56,185.67,230.14,9.1,2,low,1
10.538532,76.123069,3.03,6.75,11.1,6.3,2,low,1
10.467517,76.218225,3.05,7.3,22.47,13.5,4,medium,0
10.608931,76.261927,30.37,76.61,146.12,8.6,5,low,1
10.648309,76.283641,13.3,29.58,55.9,12.3,1,low,0
10.574351,76.334981,23.26,50.09,60.28,10.0,1,medium,0
10.395918,76.44562,22.84,41.83,66.44,8.2,4,medium,1
10.640416,76.230041,121.99,219.55,337.98,12.9,3,medium,1
10.646058,76.156953,4.32,11.12,16.07,10.4,3,medium,1
10.521503,76.24623,100.12,246.14,340.2,8.3,2,high,1
10.625834,76.188703,32.96,85.2,131.22,5.2,4,medium,1
10.475866,76.284077,7.83,16.73,38.86,13.8,4,low,1
10.3707,76.106227,22.99,53.87,69.0,4.4,4,medium,1
10.459177,76.399467,23.59,36.59,52.07,13.5,2,high,1
10.658344,76.278484,8.79,16.04,22.65,8.0,5,low,1
10.400714,76.07528,0.55,0.85,1.0,11.0,6,medium,1
10.519962,76.153278,103.43,186.5,251.55,14.1,1,medium,1
10.522732,76.275286,37.52,54.73,72.39,5.7,4,low,1
10.478962,76.304108,2.66,5.14,6.24,10.2,4,high,0
10.484518,76.108221,45.41,66.61,173.86,12.4,4,medium,1
10.52578,76.267042,11.64,41.71,72.7,12.3,6,medium,1
10.475027,76.054213,3.09,13.66,22.05,9.8,3,medium,0
10.406235,76.202853,12.53,25.59,53.18,10.9,3,medium,0
10.537203,76.298964,30.22,43.68,57.35,12.3,5,low,1
10.605869,76.165879,6.39,15.64,21.74,13.3,2,low,0
10.589566,76.089446,68.13,222.64,319.66,12.4,1,low,1
10.455221,76.221697,6.16,13.36,15.75,7.9,2,low,0
10.419902,76.161622,17.2,32.81,74.11,15.0,4,medium,0
10.497265,76.260365,4.32,12.08,17.14,8.8,3,high,1
10.645423,76.139174,24.81,44.51,73.77,4.3,1,medium,1
10.571648,76.148189,0.47,0.68,1.43,8.0,5,medium,1
10.576317,76.04832,0.87,1.35,3.47,5.4,1,medium,0
10.591189,76.223596,33.55,97.03,122.4,5.3,5,medium,1
10.553661,76.197128,2.19,6.04,9.62,7.1,2,high,0
10.529649,76.114929,45.7,118.47,157.19,4.6,1,low,1
10.572985,76.225504,7.87,19.82,33.03,11.6,4,high,1
10.476307,76.292166,37.46,149.74,355.7,4.8,2,medium,1
10.406843,76.192755,11.5,19.79,40.75,6.2,3,high,1
10.57784,76.231453,2.09,5.47,10.72,5.0,2,medium,1
10.619019,76.231865,3.67,5.74,6.87,4.7,1,medium,0
10.430541,76.113654,27.32,41.17,135.83,6.9,3,low,0
10.585754,76.374527,14.5,68.34,81.16,10.3,4,low,0
10.654461,76.172332,2.18,3.14,3.74,14.6,2,medium,0
10.51982,76.262489,29.31,52.81,62.29,13.6,3,high,1
10.45456,76.271537,8.88,19.29,34.33,13.6,4,medium,0
10.529841,76.198832,72.88,184.61,222.39,5.9,6,medium,1
10.475957,76.258544,76.72,167.04,322.74,6.9,2,high,1
10.470662,76.229666,22.42,61.88,196.79,4.8,5,medium,1
10.554655,76.096589,26.18,51.2,120.93,12.6,2,medium,1
10.391702,76.183418,15.65,63.48,77.42,4.8,4,low,0
10.404486,76.160996,1.36,2.67,8.67,10.1,2,low,0
10.521543,76.17306,30.08,89.08,148.39,6.7,1,high,1
10.518215,76.10568,2.1,10.08,29.51,6.7,7,high,1
10.547484,76.300115,74.08,155.51,339.9,14.9,3,medium,1
10.670018,76.338159,12.01,24.56,70.47,12.3,6,medium,1
10.528361,76.28824,0.84,2.03,2.62,13.2,6,medium,0
10.567854,76.311642,11.0,46.59,74.54,10.3,7,high,1
10.441957,76.182429,20.53,31.75,39.88,13.6,3,medium,1
10.581435,76.159099,0.72,1.43,2.1,11.1,4,medium,0
10.477889,76.147713,0.03,0.11,0.13,14.4,4,low,0
10.525714,76.261525,12.01,26.37,45.43,7.1,1,medium,0
10.511292,76.228165,4.6,10.25,15.75,10.5,9,low,0
10.602638,76.203822,1.18,5.12,8.3,11.6,2,high,0
10.415202,76.313612,5.96,11.85,20.92,8.3,1,medium,1
10.337341,76.242395,142.86,236.46,308.99,13.7,3,high,1
10.502925,76.142907,42.03,73.15,111.77,14.8,3,medium,1
10.557483,76.155527,4.1,13.6,18.36,9.4,3,high,1
10.532182,76.264559,80.33,127.27,173.75,8.3,2,medium,0
10.618576,76.293339,4.46,12.01,29.65,9.2,3,medium,0
10.55499,76.254134,3.39,5.03,7.65,13.4,4,medium,1
10.474892,76.361751,1.12,4.75,11.58,11.1,1,low,0
10.333966,76.340801,13.73,30.98,49.9,4.5,1,high,0
10.501015,76.245283,17.47,35.05,52.11,10.0,3,medium,0
10.602237,76.142914,29.28,90.42,106.57,4.2,4,medium,1
10.488636,76.105201,3.1,5.28,16.68,12.6,3,high,0
10.522266,76.179009,2.9,5.65,16.13,7.6,0,high,1
10.553709,76.270257,20.33,97.23,284.01,9.2,6,medium,1
10.438777,76.356132,0.74,1.48,2.84,12.8,6,high,0
10.569859,76.243396,16.37,36.73,48.85,4.5,1,low,1
10.65097,76.303498,2.03,6.81,8.91,5.7,3,low,1
10.506175,76.190375,6.04,8.66,12.28,8.4,2,medium,1
10.429675,76.259822,11.86,18.28,23.05,6.5,3,medium,1
10.514672,76.275869,1.99,5.74,12.01,7.7,3,medium,0
10.342049,76.051632,0.06,0.12,0.35,15.0,4,medium,0
10.546952,76.176925,1.3,3.64,10.97,13.1,3,medium,0
10.556182,76.285976,29.83,50.76,66.03,13.7,4,high,0
10.654051,76.231957,29.87,44.91,64.0,14.3,4,medium,0
10.50448,76.114279,3.33,8.78,12.83,7.8,3,high,0
10.552679,76.01559,29.7,49.28,101.23,7.3,2,medium,0
10.451097,76.180738,2.66,5.92,11.63,6.6,4,medium,0
10.491486,76.204273,4.64,11.65,14.09,13.1,3,medium,1
10.397985,76.139286,16.82,25.13,74.99,11.5,4,medium,1
10.504417,76.221447,18.89,41.51,57.21,6.6,2,high,1
10.495575,76.250511,12.18,28.08,59.71,8.1,3,low,0
10.543936,76.263655,2.12,3.95,12.29,9.6,3,low,0
10.470112,76.021526,26.28,79.5,112.22,9.8,4,high,1
10.526668,76.104857,11.47,31.64,65.65,13.8,2,medium,1
10.49333,76.18563,5.75,8.63,12.37,8.2,4,low,1
10.49348,76.255774,9.24,17.14,24.87,14.0,2,low,0
10.526429,76.249139,44.82,73.08,123.0,8.9,3,high,1
10.523242,76.24775,6.93,20.66,28.4,12.2,4,high,0
10.580894,76.179327,4.99,10.57,17.06,14.2,4,medium,0
10.510349,76.183789,0.37,0.53,1.17,14.0,4,medium,0
10.492009,76.151734,1.58,4.41,6.26,4.6,2,high,1
10.505535,76.271456,7.46,26.64,42.69,6.3,0,medium,0
10.462827,76.136361,21.34,46.86,152.65,9.2,3,high,1
10.491207,76.278003,3.87,9.83,12.36,8.7,2,medium,0
10.682493,76.226628,0.12,0.43,0.72,11.0,3,high,0
10.446986,76.206396,70.04,108.7,139.77,14.4,1,medium,1
10.497707,76.157463,24.89,35.8,45.57,5.2,3,low,1
10.489001,76.101557,18.75,38.73,71.09,9.0,3,medium,0
10.500226,76.158188,4.25,7.23,12.49,6.1,2,medium,0
10.493501,76.183599,20.12,31.96,60.45,13.8,0,high,1
10.542339,76.020478,10.83,19.67,35.94,14.6,5,low,1
10.383186,76.194212,3.35,15.07,19.02,9.3,4,high,1
10.602974,76.283949,63.35,227.21,309.77,5.1,2,medium,1
10.570607,76.255377,14.79,62.8,169.93,12.6,2,medium,1
10.42057,76.170304,3.48,16.97,26.69,11.7,2,low,1
10.338474,76.213755,14.18,40.16,47.38,7.9,2,medium,0
10.441834,76.165507,14.66,37.0,58.96,13.8,5,medium,0
10.500587,76.221901,0.56,1.74,2.38,14.7,6,medium,1
10.726423,76.333209,1.72,7.42,10.27,10.1,3,low,0
10.563461,76.28748,39.84,85.69,173.93,10.2,3,medium,1
10.375393,76.251664,7.95,23.61,46.8,7.3,1,high,1
10.464828,76.170569,74.52,124.61,178.47,10.4,2,medium,1
10.515743,76.269995,0.17,0.82,1.42,8.8,4,medium,0
10.540295,76.07505,23.22,37.38,60.89,7.3,3,medium,0
10.41482,76.189812,25.34,37.41,54.05,4.7,2,high,1
10.509201,76.256697,20.32,36.4,50.03,6.8,3,medium,1
10.462589,76.269234,45.07,79.5,176.94,6.2,0,low,1
10.431699,76.263591,51.62,77.42,203.34,10.0,2,medium,1
10.540768,76.233586,3.14,10.31,22.4,10.6,1,medium,1
10.58191,76.194342,6.98,10.01,17.28,10.7,3,low,1
10.587283,76.253038,1.85,3.16,6.47,8.3,4,high,0
10.565951,76.133771,24.18,42.93,70.08,8.6,5,medium,1
10.48021,76.142426,1.35,3.54,10.73,13.2,1,medium,0
10.577164,76.214939,18.03,38.14,65.71,9.2,6,medium,1
10.544724,76.223856,2.57,4.88,9.72,14.9,1,high,0
10.530715,76.063951,20.47,40.13,67.55,8.8,1,low,0
10.471065,76.246412,41.72,75.52,141.85,11.1,1,medium,1
10.48025,76.271818,3.53,14.63,32.05,4.6,2,low,0
10.525911,76.203817,17.32,45.83,57.48,11.2,5,medium,1
10.71519,76.399957,0.8,1.92,4.78,13.4,3,medium,0
10.544099,76.155365,2.3,6.95,10.3,14.4,3,medium,0
10.471105,76.181113,7.76,27.1,33.51,15.0,5,low,0
10.453409,76.178395,4.19,15.56,26.1,7.1,4,medium,0
10.480659,76.203905,29.14,76.05,97.25,10.3,2,medium,1
10.694183,76.183702,21.63,48.41,131.32,9.0,1,medium,1
10.488059,76.097455,16.61,71.77,125.56,10.2,2,high,1
10.59255,76.166276,4.65,6.91,12.54,5.7,4,medium,0
10.489926,76.20219,6.63,11.38,37.38,13.4,2,medium,1
10.540895,76.308286,5.27,9.31,17.13,14.0,3,low,0
10.58334,76.386179,2.54,8.86,17.61,8.9,4,medium,0
10.474248,76.316838,3.0,5.98,8.95,7.1,5,high,0
10.468711,76.14797,8.36,17.98,22.03,5.5,0,high,1
10.65271,76.154335,3.86,5.59,16.1,11.5,5,medium,0
10.598767,76.197254,16.71,29.12,60.65,7.4,7,medium,1
10.583254,76.352765,61.05,125.13,229.92,14.0,3,low,1
10.582982,76.196766,0.01,0.01,0.02,11.4,3,high,0
10.556766,76.103799,33.43,120.44,165.86,11.1,2,medium,1
10.681422,76.169906,2.32,11.18,20.56,10.2,5,medium,0
10.523513,76.270564,0.53,0.97,3.08,4.5,2,low,1
10.566181,76.265195,7.52,30.18,43.71,14.3,5,high,1
10.403927,76.193983,11.77,45.68,58.07,10.9,2,medium,1
10.454003,76.264673,5.44,9.5,16.3,14.9,1,medium,0
10.423934,76.028146,4.47,13.33,21.51,9.9,3,medium,0
10.621925,76.218306,6.42,12.47,32.01,11.8,3,medium,0
10.315797,76.278855,2.98,4.53,10.75,4.6,2,medium,0
10.487815,76.143371,4.59,12.82,29.86,10.9,5,high,1
10.280503,76.143093,7.37,23.88,44.48,12.4,2,high,0
10.453497,76.060684,0.08,0.31,0.38,12.6,8,medium,1
10.480724,76.337192,26.36,99.39,169.32,12.5,4,high,1
10.63079,76.152388,1.24,5.34,13.18,6.5,6,medium,0
10.55173,76.229283,7.34,30.12,67.49,14.7,4,medium,1
10.453349,76.258313,17.29,41.56,81.29,14.9,1,high,1
10.605277,76.330965,51.19,142.02,220.94,4.8,6,medium,1
10.521427,76.197688,11.39,20.58,37.97,14.3,5,medium,0
10.523005,76.166846,14.53,22.87,44.33,7.2,8,high,1
10.423786,76.223845,7.26,12.26,20.07,11.6,2,low,0
10.440799,76.312726,8.93,19.19,44.33,7.7,2,medium,0
10.453992,76.196386,3.04,12.1,35.23,14.6,5,high,1
10.523717,76.13361,0.28,0.51,1.62,5.1,4,medium,0
10.526231,76.086739,13.93,36.52,83.35,9.5,4,low,1
10.643527,76.112296,1.62,6.66,19.0,8.7,5,medium,1
10.550804,76.279151,36.67,59.03,121.7,7.6,3,low,0
10.303395,76.18435,40.48,109.67,151.25,11.1,3,medium,1
10.541011,76.161398,12.68,41.02,59.11,5.4,6,medium,1
10.403999,76.152723,12.84,20.2,31.77,11.9,2,medium,0
10.442722,76.216804,1.79,2.75,3.57,14.8,3,medium,0
10.455026,76.190844,53.13,143.81,315.96,12.9,3,medium,1
10.466933,76.188149,5.35,14.19,18.03,13.5,2,medium,0
10.409988,76.317946,11.17,22.81,43.9,8.0,1,high,1
10.536279,76.333041,8.52,15.03,28.87,7.6,1,medium,0
9.634049,76.530031,1.01,2.79,4.46,15.9,1,low,0
9.49575,76.471348,2.67,6.29,10.55,15.2,4,low,0
9.51925,76.529363,2.63,8.97,10.57,17.8,3,high,1
9.700122,76.539506,3.31,11.42,19.0,17.0,5,low,0
9.606085,76.420531,35.69,86.54,162.95,8.3,3,high,1
9.512768,76.526403,13.74,23.8,29.74,9.0,4,high,0
9.542839,76.625792,14.13,22.79,53.15,14.2,4,medium,0
9.528762,76.376051,4.64,6.73,19.04,5.0,6,medium,1
9.586516,76.586127,3.02,12.75,19.65,7.7,1,medium,1
9.603831,76.629984,3.52,11.43,32.4,4.8,1,medium,0
9.741646,76.475155,38.04,65.77,130.18,9.8,4,low,1
9.436696,76.655534,17.01,36.18,67.88,11.3,1,medium,1
9.587215,76.464773,23.72,65.19,108.44,6.2,4,medium,0
9.564755,76.555287,30.63,101.14,119.64,3.4,5,medium,1
9.665724,76.495458,2.88,8.48,20.11,13.8,4,low,0
9.618385,76.49544,0.47,1.13,2.23,3.3,6,low,0
9.637229,76.470616,7.31,25.34,67.97,17.6,2,high,0
9.617607,76.575886,3.37,4.93,7.78,6.3,8,low,0
9.515441,76.587904,0.01,0.03,0.04,13.0,6,medium,0
9.686901,76.514846,2.29,3.31,5.85,9.5,5,low,0
9.65388,76.411203,0.6,0.97,2.24,3.9,1,high,0
9.663242,76.552254,22.36,54.33,84.7,10.1,2,high,1
9.691124,76.553761,5.89,10.33,17.32,10.8,0,medium,0
9.623414,76.502663,1.13,2.11,5.35,15.8,1,low,0
9.708479,76.669379,11.51,37.53,71.74,14.0,2,medium,0
9.620211,76.394886,10.13,27.41,50.82,4.2,2,medium,0
9.572475,76.342617,18.42,40.35,48.0,6.1,3,medium,0
9.589472,76.461533,102.77,198.04,258.17,7.7,6,medium,1
9.588092,76.576834,49.02,103.98,147.72,4.7,4,low,1
9.548449,76.435532,16.39,37.56,47.61,9.9,3,medium,1
9.720551,76.441522,0.95,2.27,3.22,17.8,2,medium,0
9.613704,76.596082,24.7,54.99,69.01,10.7,3,medium,1
9.597579,76.557004,6.39,15.32,46.42,14.1,3,medium,0
9.621062,76.550165,21.46,45.59,82.77,13.2,1,medium,0
9.828388,76.582514,126.01,195.67,275.29,15.7,2,medium,1
9.499462,76.485985,18.39,35.61,57.37,6.2,4,medium,1
9.522397,76.489681,8.63,15.37,38.78,14.3,5,low,0
9.479554,76.584782,4.86,9.75,20.01,16.2,6,low,0
9.571392,76.412409,4.15,7.95,16.74,5.6,3,high,1
9.609641,76.348582,3.53,7.21,16.26,8.2,2,high,1
9.552774,76.485337,1.1,5.14,10.52,17.6,0,medium,0
9.546822,76.59447,9.81,14.02,24.05,14.7,3,low,0
9.601392,76.540445,1.14,5.28,6.85,7.2,3,medium,0
9.549831,76.588583,15.17,38.16,53.89,11.5,2,high,1
9.614814,76.358696,7.76,30.72,40.45,9.1,2,medium,0
9.679139,76.54524,12.15,48.92,62.24,10.3,3,low,1
9.644162,76.572309,8.64,14.49,27.39,8.3,4,medium,0
9.660481,76.411936,0.23,0.56,1.15,7.2,4,high,1
9.676873,76.588965,64.93,108.12,325.95,13.1,3,low,1
9.612626,76.511078,2.96,8.81,10.86,14.7,6,medium,1
9.577309,76.765707,26.64,81.16,241.41,16.1,0,medium,1
9.52822,76.345821,3.5,10.75,15.19,5.3,2,medium,0
9.558706,76.629529,15.51,30.53,60.09,15.3,4,medium,0
9.548105,76.488467,2.51,4.13,5.03,6.8,4,medium,0
9.648534,76.390628,1.05,2.46,4.64,9.4,2,low,0
9.617743,76.477844,6.99,17.94,23.95,16.5,4,low,0
9.645741,76.542198,17.04,24.81,54.48,9.8,3,medium,1
9.497173,76.602997,1.17,4.53,9.75,6.0,2,low,0
9.70454,76.657757,18.1,40.84,65.07,5.4,5,medium,1
9.555842,76.633751,4.51,11.15,13.13,10.1,7,medium,1
9.501999,76.442769,0.88,3.53,6.04,14.4,1,low,0
9.554863,76.610413,26.33,78.81,96.71,18.0,4,medium,0
9.788701,76.551303,18.31,85.45,116.67,14.8,3,medium,1
9.558983,76.467632,32.03,50.16,67.99,16.2,3,medium,1
9.563992,76.503047,0.42,0.83,1.54,14.2,1,medium,0
9.574632,76.463213,1.7,2.8,5.46,16.4,0,high,0
9.57811,76.522967,63.68,138.2,340.77,4.1,3,medium,1
9.527482,76.461627,1.26,2.53,3.04,16.9,4,medium,0
9.601457,76.43776,64.29,116.79,141.11,8.9,0,low,1
9.676048,76.55833,2.48,3.79,5.34,16.8,0,low,0
9.615143,76.570298,32.9,133.82,289.06,4.1,1,low,1
9.501107,76.504992,1.52,4.16,9.58,13.7,3,medium,0
9.562452,76.629412,1.19,2.14,2.54,14.0,2,medium,1
9.545878,76.499166,12.37,18.22,54.12,18.0,3,low,0
9.594235,76.495778,159.79,231.44,302.95,14.5,4,medium,1
9.696436,76.572839,77.79,149.86,302.45,8.7,4,low,1
9.578089,76.509406,8.95,30.15,56.85,11.4,5,low,0
9.582948,76.526784,25.08,96.61,127.52,8.5,2,medium,1
9.732212,76.318365,12.0,17.83,50.97,5.9,4,medium,0
9.660096,76.521337,29.24,70.13,141.74,6.7,4,medium,0
9.635927,76.373824,36.12,121.46,147.48,6.3,8,medium,1
9.746651,76.422324,26.36,39.52,57.74,11.2,1,medium,0
9.629185,76.413174,9.81,38.87,54.35,16.6,4,high,1
9.431078,76.436593,13.27,23.5,32.79,16.7,2,high,1
9.656613,76.476092,6.07,11.84,35.53,3.8,3,high,1
9.462639,76.481081,10.27,42.13,102.32,4.2,2,high,1
9.62616,76.573142,4.84,13.11,22.99,6.7,1,medium,0
9.452901,76.537791,2.62,9.54,18.98,6.8,9,medium,1
9.552652,76.367914,13.91,27.69,52.64,4.4,1,medium,0
9.560897,76.526664,2.02,4.6,6.3,8.8,1,medium,0
9.52839,76.54546,1.9,9.41,30.54,11.8,5,medium,1
9.562092,76.493715,77.27,112.34,169.37,11.7,3,low,1
9.672605,76.515129,7.83,20.89,69.63,11.2,2,high,1
9.532884,76.535225,9.54,28.99,86.62,8.1,4,medium,1
9.633611,76.581168,3.25,10.45,19.93,13.6,5,high,1
9.512748,76.39401,25.97,92.95,121.9,15.4,1,low,0
9.57484,76.500455,10.94,15.64,41.2,8.2,1,medium,1
9.615907,76.640667,3.89,11.18,18.48,4.3,4,medium,0
9.510278,76.633333,15.11,37.51,55.72,7.4,7,medium,1
9.485062,76.588075,86.81,136.57,320.41,5.1,5,low,1
9.62935,76.562946,0.56,1.08,1.86,10.0,4,medium,1
9.679846,76.652371,12.6,32.8,40.93,5.3,4,low,0
9.583675,76.673428,40.98,63.13,108.53,9.9,1,medium,1
9.553415,76.509674,1.83,3.19,8.24,6.3,2,medium,0
9.602454,76.442445,10.15,32.34,50.12,14.1,4,high,1
9.594438,76.498377,12.78,24.5,39.15,3.4,3,low,1
9.609432,76.767736,2.31,3.5,11.11,11.3,2,medium,1
9.38774,76.394451,6.8,15.18,43.39,5.5,3,low,0
9.504472,76.482357,4.02,7.1,18.38,3.0,3,low,1
9.522382,76.406985,35.57,51.88,138.37,16.0,3,medium,1
9.602069,76.529981,3.94,7.23,16.34,13.1,7,medium,1
9.60487,76.423785,0.73,2.89,5.26,4.5,5,high,0
9.640894,76.5113,6.71,20.82,41.28,13.0,1,medium,0
9.610607,76.363992,0.21,0.42,0.53,12.2,3,high,0
9.485941,76.56941,0.58,1.72,2.71,10.1,5,low,0
9.70576,76.617788,54.57,80.4,102.83,9.3,5,low,0
9.691753,76.489285,45.55,113.13,191.78,16.3,6,low,0
9.489344,76.50919,20.71,48.32,138.28,6.7,2,medium,1
9.616616,76.506927,22.89,41.56,74.91,9.0,4,low,0
9.542366,76.534473,29.75,64.37,85.59,7.9,6,low,0
9.601109,76.516946,25.65,65.58,161.23,14.6,1,medium,1
9.674265,76.581449,0.25,1.04,2.97,16.7,1,low,0
9.760408,76.618643,4.02,8.06,16.75,15.7,1,low,0
9.650102,76.454874,5.24,8.26,16.08,15.0,3,low,0
9.613595,76.495254,17.84,32.85,70.14,17.8,4,low,0
9.562814,76.59213,29.33,75.07,200.51,13.5,2,medium,1
9.604571,76.406266,4.71,17.86,40.77,14.3,3,medium,1
9.698782,76.362342,12.13,19.95,29.54,17.7,3,low,1
9.586423,76.538105,3.5,5.22,10.18,3.1,4,low,0
9.519111,76.559708,5.82,14.77,22.79,12.5,6,high,1
9.460425,76.462216,21.51,38.12,64.08,14.1,2,medium,0
9.631044,76.473708,75.68,186.69,310.12,16.8,5,medium,1
9.609783,76.459185,2.63,5.82,13.33,16.3,2,medium,0
9.538327,76.450646,60.87,98.45,167.77,15.6,4,low,1
9.672081,76.57548,0.85,3.52,11.24,17.2,3,high,0
9.556258,76.42556,8.12,17.46,32.48,11.1,4,medium,1
9.579228,76.498758,12.64,41.13,66.88,3.1,4,low,1
9.588667,76.447573,15.45,41.75,104.36,3.2,6,medium,0
9.561924,76.403577,0.31,0.59,1.34,11.2,6,medium,1
9.608869,76.589614,0.28,1.33,3.15,9.5,3,low,0
9.682121,76.478414,2.56,5.16,15.23,9.8,5,high,1
9.498601,76.535075,48.57,142.13,289.27,9.0,1,high,1
9.629082,76.399354,2.92,5.45,6.5,16.8,2,low,1
9.603773,76.460645,2.44,8.99,18.18,8.4,4,medium,0
9.602301,76.580487,20.01,35.23,63.68,15.8,5,medium,1
9.659748,76.726982,24.48,46.82,71.03,16.5,4,low,0
9.593944,76.361903,61.42,89.58,136.42,10.5,2,medium,1
9.628418,76.503911,172.71,263.43,320.3,9.7,7,medium,1
9.647269,76.552982,16.52,48.35,62.65,14.4,1,medium,1
9.549651,76.470712,16.07,75.19,102.07,13.6,2,medium,1
9.613935,76.587962,17.6,33.36,40.51,7.9,4,medium,0
9.569937,76.450661,2.56,5.11,11.96,4.5,4,high,1
9.579385,76.532308,10.52,49.23,77.0,7.0,8,medium,1
9.564235,76.478234,8.21,31.42,39.87,5.0,2,high,1
9.627686,76.617554,3.75,7.62,11.85,7.4,1,low,0
9.596532,76.465891,16.7,25.47,30.4,6.9,6,medium,1
9.621564,76.49185,0.73,1.12,3.16,12.6,1,low,0
9.588599,76.595655,1.73,6.27,11.58,17.3,1,medium,0
9.46167,76.437757,20.22,51.55,61.55,13.3,1,low,0
9.592509,76.5255,18.33,82.7,162.54,16.9,3,high,1
9.595083,76.374197,16.07,36.97,52.32,14.8,5,medium,0
9.609408,76.432965,2.17,3.76,11.87,13.9,2,low,0
9.542502,76.550571,101.13,169.97,249.17,9.2,4,medium,1
9.494362,76.440744,1.77,3.93,4.82,7.9,4,high,1
9.639969,76.476434,0.46,1.87,3.66,15.7,5,medium,0
9.568111,76.559447,2.41,6.17,19.8,16.6,2,low,0
9.6037,76.473665,2.44,3.67,11.63,9.8,4,high,1
9.567483,76.585827,4.92,15.62,19.76,3.1,4,medium,0
9.589515,76.537253,15.11,41.99,60.2,14.9,4,medium,0
9.554057,76.554855,19.61,34.2,95.36,7.3,2,medium,1
9.512553,76.619277,50.85,89.72,271.86,3.1,4,medium,1
9.627899,76.545586,59.26,90.32,121.62,15.1,5,high,1
9.54175,76.643108,13.57,34.43,46.19,10.8,3,medium,0
9.603116,76.592901,8.73,19.09,52.13,13.3,6,low,0
9.622837,76.478124,35.99,82.97,178.12,16.7,1,high,1
9.543055,76.623452,31.77,47.86,65.65,11.1,3,low,0
9.493689,76.541109,58.5,100.06,169.89,10.5,3,high,1
9.784087,76.488426,13.47,21.88,26.48,7.4,4,medium,0
9.547778,76.542271,0.53,1.98,3.51,7.6,4,medium,1
9.639873,76.608986,11.71,19.66,29.24,14.9,6,low,0
9.745157,76.556404,9.22,22.15,38.16,9.7,1,high,0
9.653193,76.665791,8.16,38.55,47.09,5.5,4,medium,0
9.565965,76.606922,1.92,8.33,16.05,4.4,2,high,0
9.584631,76.561853,11.5,21.34,50.04,10.1,4,medium,1
9.523391,76.437915,31.44,81.46,169.83,10.0,6,low,1
9.660536,76.505621,170.26,268.52,349.17,12.8,3,medium,1
9.635302,76.525733,1.33,2.35,4.09,10.1,2,medium,0
9.548846,76.575731,2.22,10.55,21.32,5.2,5,medium,0
9.506626,76.570987,15.99,29.42,49.09,10.6,3,high,1
9.484301,76.533563,1.25,4.23,11.33,16.6,5,medium,1
9.668921,76.529628,2.45,5.94,19.62,5.4,2,medium,1
9.59963,76.577637,0.54,1.06,2.33,13.3,5,high,1
9.607199,76.451313,67.51,106.09,167.66,11.9,2,low,1
9.524164,76.655641,43.05,100.56,145.44,14.2,4,high,1
9.47292,76.356227,31.35,51.89,68.76,5.3,0,medium,1
9.667009,76.636433,35.79,60.5,74.72,17.1,4,medium,1
9.593363,76.516385,10.92,26.81,50.9,12.3,1,medium,0
9.662579,76.600206,0.74,1.65,2.33,15.7,2,medium,0
9.559125,76.549107,6.25,11.37,33.33,6.7,1,low,0
9.571055,76.547683,0.58,2.68,8.09,14.1,0,high,0
9.647064,76.56434,7.18,11.12,30.18,14.7,3,high,0
9.648588,76.584724,6.52,11.14,20.38,9.0,4,low,1
9.653805,76.493694,5.38,16.58,39.84,8.8,0,high,0
9.566384,76.602784,23.33,33.78,73.79,12.9,8,medium,1
9.639164,76.433242,3.34,11.53,17.56,4.4,3,high,1
9.678728,76.519574,1.42,2.16,4.34,14.0,4,low,0
9.581618,76.586878,2.61,7.22,11.9,3.6,3,medium,1
9.548921,76.599601,14.81,25.47,48.34,5.9,1,medium,0
9.69742,76.556863,2.07,4.84,12.31,13.0,3,low,1
9.537644,76.488529,2.59,4.56,13.39,4.5,5,medium,1
9.640358,76.591737,3.17,11.42,26.56,17.6,2,medium,0
9.585326,76.466451,16.33,48.79,147.06,16.0,3,low,1
9.442675,76.660113,1.95,7.8,12.18,12.4,3,medium,0
9.680288,76.513226,30.12,47.61,64.55,15.3,2,high,1
9.369372,76.39683,55.39,159.09,326.76,16.3,4,medium,1
9.43127,76.424425,62.17,113.61,221.5,6.9,4,low,0
9.632186,76.523491,0.55,0.91,1.21,15.7,5,medium,0
9.632166,76.531186,40.91,62.88,148.84,5.9,1,medium,0
9.538994,76.677573,6.84,27.01,73.89,9.2,1,medium,0
9.601826,76.43692,96.9,149.89,260.4,11.4,3,medium,1
9.387486,76.523157,7.43,24.89,37.98,13.7,2,low,0
9.646558,76.435246,32.74,57.6,91.45,3.5,4,medium,1
9.609978,76.480588,41.12,72.85,105.18,7.4,3,medium,0
9.586349,76.654718,2.8,13.71,41.4,12.1,3,high,1
9.591667,76.429093,19.86,64.0,119.51,8.4,1,medium,0
9.62946,76.566963,3.15,7.07,16.39,14.6,2,low,0
9.587688,76.551433,2.01,4.9,6.83,12.8,5,medium,0
9.440076,76.518066,0.66,0.99,1.27,6.5,2,low,0
9.765707,76.561555,42.7,112.41,247.19,5.2,3,medium,1
9.686064,76.427198,15.97,23.88,67.78,12.4,2,low,1
9.487204,76.652506,9.42,21.93,49.92,9.8,3,low,0
9.562389,76.673988,17.85,26.16,73.24,5.5,2,medium,0
9.571117,76.523768,3.42,6.01,12.59,7.9,3,medium,0
9.676308,76.713848,2.53,4.11,6.9,7.5,2,medium,1
9.417258,76.488078,7.31,28.96,34.67,4.6,4,medium,1
9.550079,76.552035,78.15,158.5,305.01,11.2,1,medium,1
9.449149,76.634551,1.53,5.65,13.41,14.5,1,medium,1
9.567192,76.48328,2.06,5.92,15.1,11.6,2,medium,1
9.5522,76.409476,3.82,7.46,18.88,15.4,2,medium,0
9.596376,76.391063,4.15,7.37,18.15,4.9,3,medium,1
9.54161,76.684866,0.17,0.78,1.08,9.5,3,medium,1
9.529918,76.477678,10.11,21.72,65.13,12.1,4,medium,0
9.639573,76.505141,5.45,11.3,13.32,13.1,3,medium,0
9.626374,76.430979,1.38,5.75,9.79,13.4,2,medium,1
9.634112,76.595867,35.48,78.78,131.44,13.9,5,high,1
9.575848,76.457475,80.28,144.15,290.24,12.8,5,medium,1
9.544261,76.480699,0.58,2.54,3.74,4.4,2,medium,0
9.580492,76.543962,14.88,25.66,45.87,13.4,6,medium,1
9.630093,76.434876,1.97,4.04,8.39,13.9,2,low,0
9.415858,76.505713,30.73,49.84,111.79,17.9,4,medium,1
9.621529,76.632177,7.39,23.92,29.57,13.4,2,medium,0
9.614731,76.55426,26.04,42.22,91.78,13.3,6,low,1
9.594972,76.530443,0.54,2.18,4.05,10.7,1,medium,1
9.578055,76.537189,8.65,21.51,43.66,16.0,2,medium,0
9.38471,76.488869,7.26,24.22,69.72,18.0,1,high,1
9.554812,76.679692,1.32,2.07,5.15,14.7,2,high,0
9.733155,76.455027,2.32,4.21,10.4,12.2,4,medium,0
9.591032,76.536874,5.88,27.66,40.58,4.2,5,medium,0
9.565417,76.529202,6.9,33.71,64.37,13.9,3,low,0
9.591352,76.600701,0.32,0.91,1.25,13.6,5,low,0
9.618382,76.608254,6.53,24.03,34.83,14.6,7,medium,0
9.642706,76.517438,1.1,2.14,5.27,4.9,1,low,0
9.57169,76.543253,8.05,15.13,24.82,12.8,2,medium,0
9.623994,76.546283,25.46,37.94,53.54,7.4,6,high,1
9.724132,76.338229,1.52,2.25,3.47,14.4,4,high,0
9.6705,76.392881,2.27,4.29,6.8,6.6,5,medium,0
9.777224,76.471595,0.6,2.97,4.2,13.3,2,high,0
9.537458,76.475072,3.93,10.34,31.23,7.4,1,medium,0
9.724095,76.424057,20.8,45.55,64.86,3.1,6,low,1
9.526746,76.579967,54.47,121.15,269.24,12.5,5,medium,1
9.618285,76.520169,4.86,9.7,15.78,4.7,4,medium,0
9.648598,76.502824,12.25,18.01,41.56,12.9,1,medium,1
9.549138,76.419508,6.77,10.54,13.84,16.9,2,high,0
9.597037,76.516436,5.44,21.38,37.88,17.5,4,medium,0
9.662837,76.309865,8.79,26.41,40.4,6.5,5,low,0
9.533178,76.506963,7.41,12.01,16.31,15.1,4,medium,0
9.723551,76.525055,15.77,25.77,32.52,8.3,8,low,0
9.479232,76.539353,3.66,10.84,15.43,16.5,3,high,1
9.745175,76.394872,4.6,8.14,21.31,14.8,6,medium,1
9.670106,76.537985,1.24,2.32,3.01,4.1,2,medium,0
9.582822,76.436685,19.54,44.73,69.87,9.1,2,medium,1
9.557787,76.455002,15.92,52.94,83.34,8.1,3,medium,1
9.549438,76.577435,4.53,7.04,8.72,14.8,1,medium,1
9.579136,76.681129,3.59,6.67,15.26,9.2,2,medium,1
9.58612,76.524109,1.72,6.04,13.99,13.3,3,high,0
9.690418,76.454632,0.78,1.4,2.41,12.0,3,high,0
9.747492,76.535094,64.65,113.28,158.89,17.6,4,high,1
9.60595,76.595122,25.88,40.22,73.66,17.1,6,medium,0
9.52235,76.56968,0.92,2.94,4.53,9.4,2,high,1
9.546342,76.739449,8.53,12.28,22.38,13.9,5,medium,0
9.575353,76.462773,23.48,84.85,133.46,15.4,2,high,1
9.50759,76.540179,8.81,17.6,23.4,16.5,2,high,1
9.495685,76.643913,0.93,1.76,4.4,4.0,3,high,0
9.75777,76.638893,18.05,44.09,64.6,7.5,4,high,1
9.614209,76.363994,8.98,20.52,27.99,7.8,3,medium,0
9.523349,76.519731,24.37,37.76,69.16,9.5,5,low,1
9.655328,76.638762,36.4,69.65,145.79,5.5,5,medium,1
9.495732,76.751251,1.28,2.85,9.26,10.4,4,medium,0
9.502319,76.576304,6.73,25.49,34.52,12.9,2,low,1
9.525757,76.490571,2.0,9.81,20.41,10.5,2,medium,1
9.722361,76.439264,7.19,27.39,55.16,13.0,6,medium,0
9.56977,76.697499,37.1,54.71,112.84,4.0,3,medium,1
9.394663,76.578299,15.77,27.1,47.19,16.1,2,high,1
9.686805,76.452155,31.12,45.53,66.33,17.1,3,medium,1
9.565489,76.503747,17.46,80.12,110.59,12.3,5,medium,0
9.442047,76.544815,0.62,1.16,2.24,16.2,4,medium,0
9.564665,76.563505,10.42,46.9,70.56,5.0,9,high,1
9.63168,76.448031,47.61,80.55,115.67,15.0,1,medium,0
9.622324,76.470865,7.67,19.65,42.42,4.8,2,low,1
9.733873,76.387765,0.45,1.8,5.11,9.1,3,high,0
9.521779,76.603181,8.6,17.77,22.44,7.9,8,medium,0
9.593738,76.492671,1.24,3.66,5.44,11.8,5,medium,0
9.534034,76.557306,5.54,10.45,15.92,7.5,7,medium,1
9.466625,76.633781,12.14,22.95,69.04,12.6,3,medium,1
9.660842,76.53759,0.36,0.65,0.87,8.5,3,medium,1
9.627062,76.510962,8.82,12.67,20.72,15.9,1,low,0
9.612694,76.535514,3.09,7.87,10.26,12.5,2,medium,0
9.624143,76.525055,20.94,48.4,57.9,6.2,2,medium,1
9.535162,76.619693,21.71,36.05,43.62,8.0,1,medium,0
9.509544,76.544867,22.54,46.08,59.78,15.7,3,medium,0
9.593012,76.476448,0.43,1.95,6.36,8.8,1,high,1
9.682897,76.603828,0.27,0.43,0.55,11.0,3,medium,1
9.718646,76.618439,1.83,8.09,23.69,12.7,1,high,1
9.653635,76.412934,0.09,0.31,0.41,8.2,2,medium,0
9.592334,76.642623,2.35,9.36,20.6,7.4,5,medium,0
9.611583,76.549177,5.08,21.26,33.46,10.1,2,low,0
9.590928,76.542662,0.67,3.15,9.81,6.2,5,low,1
9.507925,76.60053,54.05,237.56,328.05,7.3,7,medium,1
9.591972,76.474642,5.37,12.76,35.3,3.9,4,medium,0
9.483214,76.596333,3.72,11.38,21.64,7.6,4,medium,0
9.580074,76.489858,25.12,95.4,127.26,7.8,0,medium,1
9.720888,76.402004,15.65,29.55,43.31,17.4,1,high,0
9.655829,76.440179,5.52,17.63,58.12,11.8,5,high,1
9.51615,76.565362,26.38,125.96,241.45,14.8,5,low,1
9.584206,76.444363,1.15,2.8,8.68,3.7,5,medium,0
9.52325,76.648806,36.2,101.92,152.02,4.6,2,medium,0
9.584999,76.615143,2.32,6.45,7.75,15.2,10,medium,1
9.673289,76.626675,26.82,63.45,96.08,12.4,0,medium,1
9.642241,76.529982,4.57,8.55,20.19,5.9,4,high,1
9.788732,76.540629,5.07,9.97,20.13,9.1,1,high,0
9.685398,76.424503,27.92,41.76,49.88,11.1,3,medium,1
9.60632,76.599663,2.56,5.57,13.17,15.7,3,medium,0
9.644172,76.550387,4.62,10.59,17.4,3.9,5,medium,0
9.573805,76.565384,2.03,6.62,12.73,12.0,0,medium,0
9.4998,76.655065,19.14,33.13,45.85,13.8,0,medium,0
9.694462,76.471523,37.71,139.45,179.46,17.7,4,medium,1
9.670719,76.509909,7.03,15.78,32.38,15.1,3,low,0
9.570716,76.546134,37.38,91.02,137.24,7.1,5,high,1
9.611915,76.445165,22.07,41.71,69.29,13.6,4,medium,0
9.689275,76.504992,5.13,7.79,17.18,14.4,3,medium,1
9.657708,76.559436,6.67,9.9,22.02,13.9,3,high,1
9.472952,76.493966,7.08,24.93,41.82,15.3,1,medium,1
9.60949,76.624719,0.87,2.62,6.8,16.6,1,low,0
9.576589,76.399126,9.62,15.88,21.28,4.5,4,high,1
9.67904,76.609822,6.94,15.11,44.71,4.6,6,high,1
9.672483,76.572895,9.08,21.29,60.48,14.9,4,medium,1
9.695489,76.474494,1.0,1.8,3.69,6.8,6,low,0
9.500568,76.446047,28.22,56.33,154.36,3.9,5,medium,1
9.527271,76.353577,20.19,29.46,52.45,9.0,4,low,0
9.679127,76.456386,9.83,19.98,38.43,15.3,2,medium,1
9.542668,76.603774,81.18,187.5,269.01,4.9,3,medium,1
9.468285,76.515513,6.77,14.36,17.42,13.1,1,high,1
9.632608,76.613038,11.05,18.29,25.59,3.1,2,medium,1
9.546223,76.47041,28.65,56.59,141.93,4.6,3,high,1
9.733183,76.576568,22.21,42.42,52.08,8.3,2,medium,1
9.613695,76.4626,34.7,50.6,98.13,4.3,3,medium,1
9.602821,76.442754,5.38,10.56,18.82,15.7,2,high,1
9.56046,76.51143,8.34,21.37,40.17,16.0,3,low,0
9.717267,76.466803,1.72,3.14,6.92,14.3,2,medium,0
9.618684,76.396574,111.14,209.81,264.82,6.6,1,medium,1
9.55732,76.505415,14.58,70.48,146.0,10.8,4,medium,1
9.526473,76.528515,46.26,106.66,172.53,5.8,1,low,1
9.584122,76.621469,7.92,13.85,32.07,7.2,6,medium,1
9.511788,76.594944,3.29,7.32,9.91,10.7,3,medium,1
9.67231,76.617595,0.72,1.22,1.67,14.0,3,medium,0
9.445333,76.577629,30.46,71.6,154.65,4.4,5,low,1
9.578839,76.546609,5.22,7.55,11.19,7.5,4,medium,1
9.638811,76.421684,4.21,12.14,17.67,16.9,6,medium,0
9.61737,76.53199,6.16,25.05,41.11,9.4,2,low,1
9.532617,76.567744,5.52,13.3,21.11,17.1,4,medium,0
9.642821,76.636595,15.01,31.87,51.74,17.9,9,high,1
9.519117,76.574903,9.33,24.9,72.18,10.9,2,low,0
9.588209,76.619231,6.21,19.35,28.94,7.3,1,medium,0
9.642147,76.43744,38.61,72.03,129.0,14.9,3,medium,0
9.627033,76.493887,4.03,10.37,19.16,5.4,3,low,1
9.535997,76.554348,5.98,11.6,15.0,6.8,1,low,0
9.6858,76.612876,0.11,0.18,0.58,14.8,5,medium,1
9.596936,76.508382,90.31,155.58,355.02,9.5,3,medium,1
9.64944,76.513404,1.06,2.73,7.46,6.0,5,low,0
9.712328,76.574971,0.96,1.99,6.23,12.8,4,high,1
9.679402,76.42993,9.46,22.26,49.28,14.0,5,medium,0
9.67961,76.648592,7.27,11.43,13.55,4.9,3,medium,0
9.605414,76.449669,91.2,142.63,317.93,7.2,1,medium,1
9.653515,76.366513,28.76,77.34,116.29,6.3,3,high,1
9.607088,76.520805,4.22,17.16,47.0,8.7,4,low,0
9.493254,76.655877,9.27,32.65,51.75,14.5,3,medium,0
9.61422,76.566916,3.18,8.3,9.86,13.7,2,medium,1
9.610509,76.580087,15.7,32.57,70.73,12.9,6,low,1
9.636698,76.523311,27.36,51.78,67.56,3.1,2,low,1
9.57976,76.50781,3.53,9.65,11.37,5.1,4,low,0
9.529084,76.396407,0.0,0.0,0.0,6.3,2,medium,0
9.64252,76.339249,53.34,79.74,169.6,7.1,7,low,1
9.484938,76.535702,1.1,2.08,3.11,5.2,7,high,1
9.706706,76.625004,7.95,28.47,37.23,9.2,2,high,1
9.571487,76.547531,0.74,1.5,3.81,4.1,5,low,1
9.609642,76.569888,1.16,2.47,4.5,14.3,3,medium,0
9.634685,76.646697,48.13,75.76,159.3,14.8,3,low,1
9.637255,76.546301,2.48,6.6,14.49,11.6,1,low,0
9.477281,76.510188,23.17,56.31,72.8,4.3,2,medium,1
9.655927,76.454518,1.54,3.08,5.79,16.4,4,medium,0
9.614252,76.681777,2.73,5.91,12.14,17.5,5,high,1
9.539179,76.562124,62.8,112.25,177.63,6.0,2,medium,1
9.530027,76.444512,6.14,27.9,66.32,13.6,2,medium,0
9.563276,76.426307,31.13,64.61,151.5,15.6,0,low,1
9.486101,76.620245,14.5,55.59,94.84,11.1,5,low,1
9.727781,76.437005,59.81,167.24,318.49,7.8,2,high,1
9.708892,76.668307,27.36,51.54,111.49,10.2,2,low,1
9.626136,76.299483,1.22,4.37,13.26,10.7,4,high,0
9.572128,76.633808,60.2,169.86,289.65,9.0,6,low,1
9.574231,76.558952,6.29,11.41,15.23,16.9,1,medium,0
9.650645,76.529488,7.33,13.95,18.16,14.2,2,high,1
9.730626,76.505963,1.74,7.1,16.54,6.6,1,low,0
9.544368,76.671258,0.53,1.08,1.71,11.8,2,medium,0
9.500593,76.576565,10.09,36.89,47.87,13.3,2,medium,0
9.713811,76.447744,2.84,8.71,16.6,5.1,1,low,0
9.447029,76.382487,2.58,6.01,7.4,8.4,4,medium,1
9.509318,76.534184,8.25,32.39,40.65,16.6,2,low,0
9.570251,76.519914,0.9,1.29,3.11,11.5,2,low,1
9.465165,76.398411,14.88,52.63,118.95,6.3,0,low,0
9.678972,76.515569,5.82,9.85,24.67,4.8,3,high,0
9.658552,76.474085,1.79,2.91,7.13,10.8,5,low,1
9.544017,76.520743,7.4,10.62,13.29,11.2,2,low,0
9.692369,76.578074,6.25,15.09,18.58,8.0,2,medium,1
9.705943,76.639409,5.37,8.44,25.67,12.5,6,medium,0
9.580946,76.592711,29.78,43.87,70.02,4.0,1,medium,1
9.553947,76.462285,1.69,5.9,9.66,5.2,4,low,0
9.770768,76.549513,4.92,11.19,21.73,11.2,4,medium,0
9.647693,76.525049,0.14,0.63,0.97,3.9,4,medium,0
9.610506,76.41343,86.41,169.32,206.22,16.2,1,medium,1
9.699084,76.551859,1.56,3.17,8.06,5.1,4,low,1
9.614154,76.668534,12.31,40.75,111.27,13.1,3,medium,1
9.54955,76.522594,12.85,21.45,67.39,8.9,3,medium,1
9.596413,76.392465,0.03,0.14,0.28,9.0,5,medium,0
9.673092,76.522421,86.53,143.47,295.4,14.5,5,low,1
9.430625,76.422903,10.17,47.67,88.79,10.5,2,low,0
9.566958,76.589088,20.17,38.16,66.16,13.9,1,medium,1
9.700645,76.561989,3.34,13.95,19.46,10.6,3,high,1
9.549051,76.506327,8.39,25.78,50.0,11.9,1,low,0
9.713689,76.493507,1.44,2.56,5.32,14.4,3,medium,0
9.70318,76.503021,4.07,11.97,15.86,12.1,5,low,0
9.584758,76.520662,31.96,70.14,91.41,12.2,5,medium,1
9.544517,76.458221,26.73,40.64,94.95,14.8,1,medium,0
9.567011,76.40898,1.67,7.41,15.67,17.2,4,high,0
9.803169,76.611096,81.74,134.99,179.08,8.7,1,low,1
9.739954,76.489168,5.56,23.9,69.55,11.7,2,medium,0
11.108132,75.854632,1.66,5.28,14.58,13.5,4,medium,0
11.35336,75.700296,4.39,9.15,13.97,18.3,3,low,0
11.214232,75.801187,71.09,110.98,131.94,20.4,1,medium,0
11.374387,75.835683,8.51,19.65,31.17,11.6,1,medium,1
11.265689,75.903584,3.39,7.48,11.0,23.5,1,low,0
11.412023,75.935831,10.67,39.93,65.6,23.8,4,medium,0
11.298506,75.785589,2.36,5.75,7.88,5.8,1,high,1
11.135438,75.871091,3.65,9.28,11.1,5.3,2,medium,0
11.200847,75.566387,60.56,161.14,268.89,13.5,4,medium,1
11.236469,75.904183,7.35,11.41,21.57,16.8,7,low,0
11.180097,75.721929,2.91,12.67,16.39,10.6,3,low,0
11.219835,75.760712,113.23,165.03,198.04,10.2,6,medium,1
11.140645,75.815288,12.56,61.54,165.84,18.6,1,high,1
11.250458,75.767725,8.65,12.86,20.8,17.0,2,high,0
11.268993,75.795716,6.57,13.86,18.84,8.3,3,medium,0
11.169671,75.907015,40.53,73.54,123.94,22.7,1,medium,1
11.40522,75.749262,2.92,9.94,18.94,18.6,3,medium,0
11.255081,75.693046,17.03,32.32,48.94,12.3,0,medium,1
11.184661,75.925077,17.78,27.74,61.83,18.7,0,medium,0
11.119637,75.822141,2.92,10.83,22.0,7.3,2,medium,0
11.254795,75.933779,15.5,58.8,69.53,14.4,2,low,0
11.229161,75.84909,10.92,31.03,47.73,8.4,2,high,1
11.312643,75.674112,4.71,16.76,21.48,5.8,3,low,0
11.23853,75.831631,16.28,63.75,85.65,11.8,2,medium,1
11.154502,75.701284,0.9,1.68,2.55,8.0,2,high,0
11.383657,75.780595,12.26,39.96,52.41,17.7,3,medium,1
11.28485,75.773943,14.07,26.37,57.59,18.5,1,low,0
11.229671,75.650587,13.4,21.24,32.65,8.0,2,low,0
11.263171,75.714975,3.88,7.38,11.8,5.5,2,medium,0
11.287923,75.956415,4.96,19.09,29.72,20.9,3,low,0
11.135691,75.79907,2.88,5.91,15.05,5.0,2,medium,0
11.262616,75.765952,12.17,30.66,67.75,11.9,3,medium,1
11.21399,75.925031,25.93,69.77,152.45,14.9,4,high,1
11.290584,75.748301,26.01,72.4,114.72,21.4,5,low,1
11.190785,75.772686,41.45,62.36,74.69,21.8,0,medium,1
11.201624,75.859264,7.81,13.67,16.57,19.5,1,medium,0
11.38303,75.747941,2.31,8.66,20.38,9.9,3,medium,0
11.348473,75.720278,3.43,7.83,16.74,19.4,3,low,0
10.986355,75.599699,8.55,23.82,74.47,9.9,2,medium,1
11.342541,75.70508,7.35,10.66,20.53,9.3,1,medium,1
11.244108,75.704318,143.04,207.6,273.5,15.9,5,low,1
11.193345,75.792685,32.82,91.23,113.52,18.6,0,high,0
11.169426,75.731163,2.76,7.33,17.05,6.1,0,high,1
11.174071,75.952642,12.15,24.32,54.51,6.2,1,low,0
11.195605,75.69539,26.14,59.46,141.08,20.7,2,medium,1
11.159829,75.892052,1.29,4.22,8.58,22.2,2,medium,0
11.141632,75.79758,18.28,34.48,46.44,17.1,6,low,1
11.16677,75.844542,3.36,9.15,13.95,13.6,2,medium,0
11.275872,75.839682,8.09,15.36,20.98,21.9,3,high,1
11.254007,75.602541,15.36,39.19,63.15,19.6,1,medium,1
11.294469,75.779076,48.93,88.95,201.36,16.6,1,high,1
11.24469,75.759022,1.39,2.61,6.14,11.4,1,medium,0
11.145466,75.689362,3.65,8.03,26.33,9.0,2,low,0
11.289555,75.81677,0.08,0.15,0.2,13.4,1,low,0
11.169625,75.917323,32.5,75.49,98.56,10.7,3,medium,0
11.301729,75.56616,29.64,114.83,158.93,11.8,2,medium,1
11.156726,75.737242,2.24,7.71,22.62,15.3,5,low,0
11.195002,75.680339,26.98,83.53,116.14,8.4,3,medium,1
11.221089,75.785742,1.06,4.58,14.08,21.1,5,high,1
11.303952,75.75395,3.51,6.32,17.65,7.9,1,medium,1
11.26408,75.731546,15.12,39.39,72.65,14.6,3,low,1
11.2516,75.835161,3.16,12.82,22.82,19.9,1,medium,0
11.400854,75.910895,12.73,20.86,27.86,14.7,2,high,0
11.103041,75.992905,13.66,25.2,37.41,12.2,2,high,0
11.16693,75.72083,0.2,0.47,1.23,14.5,0,medium,1
11.163505,75.63433,2.12,6.54,15.41,22.0,2,high,0
11.108348,75.824736,7.63,27.67,60.52,24.8,1,low,0
11.192438,75.908839,1.22,2.84,7.71,17.6,1,low,0
11.305022,75.845095,6.29,9.78,21.35,20.9,1,low,0
11.202668,75.908508,2.33,7.93,11.32,5.3,3,low,0
11.22336,75.761961,37.69,77.83,179.83,22.6,5,high,1
11.112196,75.731234,38.8,56.99,75.04,24.1,1,medium,1
11.186278,75.789235,0.79,1.53,2.74,16.5,3,medium,1
11.213064,75.753556,1.51,3.6,7.54,20.1,7,high,1
11.301392,75.833048,7.73,13.84,26.28,15.3,3,high,1
11.116007,75.857581,135.58,221.44,320.82,10.7,1,low,1
11.213599,75.863847,0.38,0.77,1.32,22.0,1,medium,0
11.336945,75.820847,29.7,46.71,153.64,16.9,4,medium,1
11.214393,75.799666,10.2,22.3,27.63,16.6,1,medium,0
11.080755,75.843554,46.64,75.83,225.49,18.2,1,medium,1
11.352334,75.622961,11.61,17.17,21.03,22.1,2,low,0
11.308792,75.796846,49.93,110.8,351.2,19.6,8,medium,1
11.319552,75.784198,3.77,7.5,10.36,9.2,2,high,0
11.110497,75.797046,106.32,210.65,354.59,14.3,2,high,1
11.370996,75.77299,19.24,32.58,56.34,24.6,1,medium,1
11.188138,75.814548,9.52,15.57,45.79,16.1,2,low,0
11.209245,75.734032,14.68,68.71,159.29,23.8,2,high,1
11.193778,75.870362,16.4,28.94,39.77,21.3,3,medium,0
11.325755,75.817892,17.91,30.26,38.29,18.3,3,medium,1
11.235616,75.792055,5.34,9.7,16.41,12.0,7,medium,1
11.288539,75.724199,31.93,57.34,116.0,11.1,2,medium,1
11.256072,75.845225,15.03,68.08,204.47,17.9,3,medium,1
11.242397,75.796533,0.48,1.13,1.67,13.7,3,medium,1
11.174257,75.719561,17.77,29.18,64.39,21.0,1,low,0
11.394971,75.775467,32.15,48.21,145.97,20.2,1,high,1
11.132929,75.830327,9.56,30.37,45.59,11.2,1,high,0
11.28298,75.824126,46.96,95.91,169.1,19.1,3,high,1
11.280133,75.818961,21.81,36.22,118.14,14.9,5,high,1
11.342349,75.787403,31.11,54.0,149.58,11.5,5,medium,1
11.361047,75.862066,24.57,48.23,70.46,13.3,2,low,0
11.239009,75.879024,23.24,111.0,331.33,22.9,0,low,1
11.292432,75.838986,56.13,99.88,128.67,12.2,7,low,1
11.39119,75.733004,40.49,69.02,146.47,10.7,2,medium,1
11.244786,75.695355,2.02,3.61,10.34,12.0,1,medium,0
11.164685,75.736485,6.77,11.62,16.18,9.3,4,high,0
11.219243,75.936293,9.26,22.29,37.88,15.9,2,medium,0
11.145628,75.802536,15.26,21.9,46.74,7.9,3,medium,0
11.279745,75.950115,1.6,2.74,5.24,21.3,1,medium,0
11.335156,75.770384,0.15,0.3,0.95,9.5,3,low,0
11.240317,75.759295,6.52,9.78,14.71,17.0,1,high,0
11.120323,75.774075,54.34,83.08,165.77,7.5,5,medium,1
11.331732,75.772626,32.68,53.81,77.69,24.6,0,medium,0
11.107896,75.718108,29.73,61.7,95.58,14.1,0,high,1
11.126324,75.688092,3.51,7.57,11.5,21.4,3,medium,0
11.235733,75.820107,4.46,12.25,16.65,20.4,1,medium,0
11.270143,75.864392,0.9,2.77,4.28,19.3,4,medium,0
11.28378,75.975599,0.34,0.75,1.42,21.5,4,medium,0
11.244709,75.745303,12.82,26.21,50.95,7.0,4,low,0
11.390804,75.751788,2.41,7.49,20.47,18.6,1,high,0
11.255213,75.718302,0.42,0.64,0.88,10.3,4,high,1
11.332773,75.870058,3.0,6.28,8.73,20.7,3,medium,1
11.312956,75.845199,3.35,7.22,16.59,24.1,1,medium,0
11.14657,75.709845,1.06,2.53,3.27,23.0,2,high,0
11.236422,75.707824,5.26,22.96,36.8,7.3,5,medium,1
11.419866,75.856201,4.84,7.54,13.39,12.4,4,high,1
11.209652,75.810656,8.07,22.5,72.66,12.3,2,medium,1
11.19603,75.840671,1.91,3.67,7.18,7.4,2,medium,1
11.263646,75.709379,16.23,32.21,49.38,7.0,1,medium,0
11.212518,75.629782,43.33,88.03,251.99,12.7,4,medium,1
11.186504,75.710003,17.88,38.62,69.87,24.8,3,low,0
11.211337,75.835021,7.04,24.2,28.59,16.4,3,medium,0
11.364561,75.948885,31.76,93.32,134.45,17.4,3,medium,1
11.239071,75.745643,5.87,12.71,21.15,14.4,3,medium,1
11.143754,75.962068,8.71,14.65,24.7,18.2,3,low,0
11.12906,75.846386,2.35,5.66,17.47,24.1,0,medium,0
11.426544,75.668557,2.37,7.85,9.5,16.8,1,medium,0
11.232133,75.797123,9.02,36.95,45.59,6.3,1,high,0
11.284766,75.849118,3.16,5.94,8.79,14.9,6,high,0
11.18829,75.585961,20.19,49.05,138.38,24.9,2,high,1
11.275679,75.831556,2.01,7.66,18.49,12.7,2,low,0
11.366746,75.873818,34.71,64.6,161.04,16.9,1,high,1
11.197819,75.811909,45.37,149.36,254.99,7.1,4,low,1
11.286687,75.775062,58.19,128.02,309.01,7.8,5,low,1
11.13754,75.766166,41.27,116.88,171.2,22.5,8,low,1
11.411829,75.761494,9.2,13.81,23.02,11.0,0,high,1
11.271483,75.685922,5.86,18.65,60.2,11.1,2,low,0
11.216976,75.724998,4.63,11.29,15.92,12.7,1,low,0
11.22617,75.746672,35.91,52.83,130.81,24.3,3,low,1
11.209197,75.78908,1.24,3.45,4.58,6.7,2,medium,0
11.213288,75.735455,0.8,1.53,3.09,21.4,2,high,1
11.0542,75.71047,21.96,61.27,126.0,11.8,4,medium,1
11.242163,75.840782,0.31,1.22,3.99,22.0,6,medium,0
11.23881,75.809649,6.25,12.16,14.42,24.8,2,low,0
11.289093,75.736862,6.76,10.28,16.14,12.0,0,medium,0
11.208149,75.820502,11.64,27.31,51.28,7.6,4,low,0
11.188317,75.743747,4.86,9.47,26.82,7.9,3,medium,0
11.249378,75.785045,9.63,19.09,27.89,20.2,1,medium,0
11.121011,75.858004,16.13,39.58,86.9,7.9,3,medium,1
11.261474,75.731701,1.64,3.24,3.84,10.2,5,high,1
11.101054,75.686207,20.21,61.29,74.49,9.1,2,high,1
11.339665,75.768389,11.57,29.74,42.22,12.1,3,low,1
11.304742,75.670923,13.91,33.03,39.6,6.5,1,low,0
11.175905,75.757804,0.3,0.47,1.31,22.1,3,medium,0
11.302891,75.757549,2.7,7.21,15.88,22.2,3,low,0
11.258921,75.582905,3.71,7.16,16.3,13.3,1,medium,1
11.169279,75.822451,0.46,1.49,4.39,17.2,4,medium,1
11.08817,75.765385,6.26,19.18,22.98,17.8,2,high,0
11.275315,75.874552,3.49,6.66,20.01,20.0,6,medium,0
11.186457,75.797243,2.58,4.44,5.76,15.4,1,low,0
11.337598,75.838849,3.78,8.78,12.15,15.2,4,low,0
11.251123,75.875203,22.93,62.39,123.13,17.6,3,low,1
11.194033,75.769463,22.69,34.63,111.59,19.1,2,medium,1
11.393827,75.779934,1.66,6.2,20.44,11.9,3,medium,1
11.296116,75.654117,7.04,12.56,30.46,11.6,3,high,1
10.957593,75.879163,79.38,145.63,254.76,10.4,2,medium,1
11.211089,75.768344,13.96,25.61,46.4,16.0,4,medium,0
11.139273,75.699542,109.78,164.41,264.37,12.2,0,medium,1
11.186016,75.839178,8.8,15.6,21.53,15.8,0,low,0
11.238421,75.605618,17.43,49.69,97.91,13.1,4,high,0
11.278324,75.745658,4.41,11.7,30.15,21.7,2,low,0
11.270909,75.852665,4.52,11.43,15.45,6.5,2,medium,0
11.33623,75.744982,21.98,102.05,211.29,16.4,3,low,1
11.300928,75.722566,58.17,88.58,193.49,16.5,2,medium,1
11.29598,75.746708,1.82,7.68,10.67,12.7,4,high,1
11.266119,75.619206,98.24,178.65,219.54,13.4,2,low,1
11.352944,75.837238,4.1,7.25,9.03,21.0,2,medium,0
11.224698,75.770169,8.87,14.27,37.99,10.6,4,low,0
11.226776,75.758214,0.64,1.34,2.32,22.4,3,medium,0
11.097554,75.758507,2.77,4.92,14.01,22.9,2,medium,0
11.334493,75.781126,22.66,64.49,77.84,18.0,3,medium,1
11.243846,75.832275,5.79,10.11,24.16,20.5,1,medium,0
11.484688,75.775835,1.3,3.49,8.53,17.3,5,high,1
11.217557,75.671069,8.93,13.71,17.38,15.5,2,medium,1
11.257086,75.826041,4.75,16.86,20.26,24.3,0,medium,0
11.29372,75.819886,9.53,26.63,38.96,10.7,7,medium,0
11.161848,75.796442,3.08,6.86,18.72,8.1,4,medium,1
11.278684,75.866019,54.16,92.12,162.4,10.7,1,low,0
11.252773,75.78243,2.6,4.52,6.03,17.3,5,medium,0
11.225705,75.86891,4.66,15.26,24.81,8.7,0,low,0
11.343808,75.892577,0.05,0.19,0.52,23.2,4,medium,0
11.1777,75.826585,4.98,14.14,35.85,13.2,4,medium,1
11.271992,75.720165,6.68,15.12,19.5,22.0,2,low,0
11.366373,75.769537,9.61,20.47,34.71,10.0,5,medium,0
11.19347,75.879108,4.98,12.01,17.46,11.3,2,high,1
11.226249,75.66019,44.26,83.27,164.83,6.2,3,medium,1
11.437624,75.748644,5.88,14.22,23.98,10.2,3,low,0
11.287951,75.752563,70.35,104.51,124.8,14.8,2,high,1
11.209504,75.710783,3.86,11.69,24.28,23.9,4,medium,0
11.31421,75.84983,3.55,6.91,10.29,12.8,0,low,0
11.204553,75.810145,1.09,2.15,5.45,17.8,2,medium,0
11.124807,75.723115,1.61,4.71,12.85,13.6,3,medium,0
11.359789,75.828441,17.06,42.03,57.49,5.9,2,medium,0
11.161755,75.767327,76.76,200.57,262.43,15.1,0,medium,1
11.446137,75.708784,2.71,9.46,14.17,6.3,1,medium,0
11.210853,75.722967,7.78,17.73,45.82,22.7,2,medium,0
11.420661,75.814884,2.23,5.67,13.12,20.1,2,medium,1
11.140506,75.855121,5.52,19.08,23.81,12.6,2,medium,0
11.332039,75.741059,2.44,5.73,12.5,17.8,2,high,0
11.289978,75.823555,31.32,76.23,101.58,7.2,3,medium,1
11.31702,75.90654,2.3,8.67,18.97,19.1,1,medium,0
11.327442,75.67929,23.96,90.2,110.45,21.5,2,low,1
11.21018,75.808454,8.58,16.38,20.41,21.4,2,medium,1
11.145292,75.846452,0.25,0.46,1.42,10.7,3,high,1
11.245927,75.772388,4.03,6.01,8.3,10.3,1,low,0
11.267842,75.879063,0.23,0.93,2.36,15.4,5,low,0
11.212252,75.955907,0.23,0.89,2.13,24.4,0,medium,0
11.272204,75.807468,2.06,9.1,16.46,23.4,3,medium,0
11.27637,75.761313,2.77,5.94,9.63,12.2,4,medium,1
11.177198,75.858159,40.8,79.79,166.51,20.6,0,low,1
11.281598,75.847366,3.2,7.96,12.91,23.4,4,low,0
11.228623,75.578494,9.38,15.66,39.77,10.2,3,medium,0
11.194002,75.779781,3.06,5.63,18.02,21.6,3,medium,0
11.31299,75.748432,59.8,86.3,140.52,10.4,2,medium,1
11.187841,75.811736,3.14,11.69,19.99,11.9,2,medium,0
11.213467,75.764507,2.5,10.93,16.09,9.0,4,medium,0
11.255764,75.773186,46.59,138.1,210.06,15.1,4,low,1
11.359945,75.710943,2.79,13.3,16.76,21.9,0,medium,0
11.265423,75.838762,16.42,24.64,44.58,15.6,2,low,0
11.292263,75.912403,5.16,14.67,48.16,7.5,5,low,1
11.226189,75.712186,7.1,14.9,23.04,10.0,2,medium,0
11.243721,75.668236,59.0,164.34,244.79,16.3,3,medium,1
11.24609,75.7816,26.39,81.72,139.26,16.7,1,medium,1
11.273464,75.777708,21.23,76.85,113.17,16.5,2,medium,0
11.226323,75.873675,33.92,94.18,197.05,6.5,0,medium,1
11.3572,75.681664,9.24,18.2,47.68,20.1,3,medium,0
11.220147,75.736964,6.81,9.93,14.93,23.2,4,high,0
11.113421,75.608184,24.54,51.22,117.79,15.2,1,medium,0
11.469424,75.889999,2.51,5.38,9.77,19.4,1,medium,0
11.223811,75.800044,2.55,11.7,20.51,23.3,3,high,1
11.355054,75.742925,9.24,14.9,26.48,17.9,2,medium,1
11.362383,75.674218,14.84,66.71,106.04,18.5,2,medium,1
11.325617,75.681562,4.19,6.42,20.29,19.4,2,medium,0
11.234158,75.813141,68.02,144.93,171.66,10.2,3,medium,1
11.272935,75.691406,2.03,7.15,10.31,16.7,2,high,1
11.148039,75.78832,5.05,11.86,22.22,21.8,2,low,0
11.409212,75.943436,27.1,38.86,95.89,10.9,3,high,0
11.181856,75.752193,26.67,75.65,219.86,22.9,2,medium,1
11.229688,75.703084,4.74,14.17,21.15,17.4,3,high,1
11.257919,75.810561,2.77,10.71,22.58,13.5,3,low,0
11.241405,75.681937,1.18,2.37,5.57,17.5,2,high,0
11.19745,75.917599,10.11,41.34,81.23,13.0,2,low,1
11.361547,75.89229,0.82,1.41,2.26,21.8,4,medium,1
11.326022,75.766866,2.89,4.37,6.53,14.6,2,medium,1
11.275764,75.708217,27.5,41.3,63.07,23.0,3,medium,0
11.218036,75.745938,2.51,9.88,12.75,15.2,2,medium,0
11.335142,75.756347,2.29,4.79,11.39,18.2,3,low,0
11.212843,75.810685,22.03,88.65,136.33,25.0,6,medium,1
11.375631,75.863171,29.12,59.91,168.47,7.9,4,medium,0
11.258898,75.697079,71.7,118.03,196.28,19.7,2,medium,1
11.348383,75.860873,5.06,10.79,17.37,7.8,2,medium,0
11.240894,75.829415,45.91,72.19,172.31,21.8,2,low,1
11.255723,75.739377,11.05,18.38,35.67,16.9,2,medium,0
11.348034,75.693063,5.35,15.81,20.94,23.8,0,medium,0
11.425514,75.789299,11.77,22.86,59.9,22.3,1,medium,0
11.374829,75.695233,0.04,0.19,0.36,6.5,3,high,1
11.320171,75.861894,11.84,29.74,36.58,7.7,2,medium,0
11.297143,75.690089,10.18,31.92,55.29,17.0,1,low,1
11.209444,75.823816,59.69,89.28,127.75,15.4,0,low,1
11.273618,75.773551,4.01,9.96,13.2,8.4,0,medium,0
11.176956,75.73515,7.95,15.08,36.6,7.6,2,medium,0
11.280063,75.771773,4.01,7.09,16.88,16.3,1,low,0
11.285204,75.866399,95.91,163.5,227.96,6.0,4,low,1
11.093132,75.684619,18.04,31.77,44.47,22.5,2,medium,0
11.253099,75.747027,1.06,3.07,9.22,21.1,5,medium,0
11.28319,75.719861,4.36,8.02,16.8,20.7,1,low,0
11.243303,75.776911,7.27,15.32,29.51,5.3,6,medium,1
11.278644,75.725226,13.3,26.67,35.28,6.0,4,high,0
11.142662,75.638554,3.73,18.63,35.02,16.0,3,high,0
11.187931,75.695589,0.72,2.19,2.71,24.9,4,high,0
11.332795,75.91102,19.96,30.01,35.38,11.8,1,high,1
11.250046,75.799738,3.82,11.07,15.18,11.9,3,low,0
11.27719,75.796989,17.21,41.06,61.61,7.7,2,low,0
11.206278,75.757391,45.2,154.07,298.85,18.5,4,medium,1
11.25156,75.77587,4.42,16.43,48.76,17.9,6,medium,1
11.065839,75.745615,0.25,0.81,1.31,7.0,5,high,0
11.317681,75.822154,83.89,175.94,352.62,14.3,2,low,1
11.394635,75.788065,1.37,2.07,4.2,18.3,2,medium,0
11.164799,75.686299,14.39,39.62,58.42,14.9,5,medium,1
11.174773,75.800298,14.18,39.21,70.64,18.5,1,medium,0
11.28527,75.583301,6.0,12.45,17.44,21.3,1,medium,0
11.36791,75.813109,1.07,2.83,5.45,18.7,3,low,0
11.249832,75.667251,1.98,3.02,7.89,17.3,2,high,1
11.151655,75.772316,16.84,43.29,78.17,22.1,6,medium,1
11.233311,75.68443,51.06,114.68,139.34,23.0,2,medium,1
11.167605,75.780226,19.24,41.23,55.65,12.8,1,low,0
11.196492,75.826262,4.43,7.49,18.14,8.5,2,medium,0
11.225677,75.900226,18.91,39.24,76.15,21.4,1,medium,0
11.175654,75.656691,17.06,53.39,65.89,9.3,4,low,0
11.187768,75.858038,1.78,6.8,18.47,23.6,4,medium,0
11.255963,75.790492,1.04,1.55,3.52,5.5,1,low,0
11.267203,75.743947,2.32,3.86,8.69,23.4,1,medium,1
11.136082,75.840789,7.39,34.95,56.93,16.8,2,medium,0
11.281711,75.761126,15.99,26.18,49.79,20.5,8,high,0
11.219445,75.837402,5.24,10.58,30.75,13.0,1,low,0
11.307621,75.700618,24.98,54.38,84.17,24.8,3,low,0
11.31244,75.72936,1.43,6.93,19.54,9.6,3,high,0
11.206437,75.855488,12.27,20.78,32.8,10.3,1,low,0
11.299132,75.898832,0.74,2.49,4.3,6.0,0,low,0
11.183044,75.777197,52.3,92.73,162.25,23.8,1,low,0
11.355901,75.557017,1.07,5.16,15.3,14.1,2,high,0
11.186069,75.764076,5.89,9.85,15.12,18.5,2,high,0
11.27822,75.782594,14.24,67.33,125.33,18.7,5,medium,1
11.234991,75.761378,2.38,7.48,14.22,22.5,5,medium,1
11.168648,75.806907,11.56,34.6,55.09,18.3,3,medium,0
11.322073,75.741847,62.54,224.37,354.21,16.2,4,high,1
11.200869,75.84711,4.91,11.14,36.15,19.2,4,low,0
11.113994,75.686663,0.68,1.98,5.36,20.0,0,high,0
11.019439,75.878948,0.43,0.62,1.43,8.7,2,low,0
11.179996,75.904006,47.51,96.97,144.11,7.2,3,medium,1
11.360073,75.706955,4.09,8.47,13.73,6.5,3,low,0
11.350619,75.706912,6.8,21.9,30.56,12.5,4,medium,0
11.192512,75.812856,32.4,80.12,113.28,15.0,3,medium,1
11.220044,75.685022,6.84,26.1,33.93,17.3,3,medium,0
11.212807,75.740592,32.38,55.7,109.81,24.2,2,medium,1
11.143325,75.868202,4.26,11.65,23.78,11.6,3,medium,0
11.174093,75.839009,25.8,44.79,59.17,20.2,3,medium,1
11.328492,75.938416,4.22,10.93,25.38,15.6,2,low,1
11.290311,75.793663,2.43,3.49,6.31,9.4,3,medium,0
11.271847,75.731133,0.03,0.11,0.26,17.3,3,low,0
11.143188,75.784099,9.79,48.75,60.74,24.3,3,medium,0
11.258056,75.767953,12.64,25.41,48.47,7.5,1,medium,0
11.065692,75.769075,21.07,31.14,74.7,15.1,4,medium,0
11.317424,75.778096,54.17,103.47,152.03,6.0,5,medium,1
11.270686,75.705459,5.37,22.12,50.9,11.4,3,medium,1
11.142381,75.802577,61.42,130.61,159.49,17.4,4,medium,1
11.379314,75.667307,19.81,30.25,60.24,21.8,6,medium,1
11.106307,75.722654,0.82,4.06,6.09,19.6,0,high,0
11.292424,75.77049,1.84,6.49,13.26,14.3,4,medium,0
11.294414,75.599236,23.86,39.28,52.8,23.2,6,medium,1
11.150826,75.841519,62.81,97.08,122.38,11.1,1,medium,1
11.246972,75.615748,1.82,3.29,4.48,20.1,3,high,1
11.119054,75.833567,19.29,27.73,36.17,14.5,3,medium,0
11.02229,75.676575,0.61,2.5,7.03,23.0,1,medium,1
11.16457,75.747607,0.1,0.21,0.26,20.9,2,medium,1
11.20067,75.82153,24.73,45.58,70.85,23.0,0,medium,0
11.30154,75.955851,7.36,13.35,17.15,9.3,0,medium,1
11.255393,75.789316,24.01,40.24,59.48,18.4,0,high,0
11.257484,75.62139,36.58,55.53,135.09,19.8,2,low,1
11.168846,75.856296,73.56,193.17,304.08,19.8,5,medium,1
11.207599,75.761447,1.9,8.59,24.55,15.1,3,high,1
11.175606,75.785593,11.52,30.21,44.26,5.2,3,low,1
11.152002,75.824629,42.14,78.65,149.82,10.2,2,medium,1
11.202504,75.60197,1.06,3.45,8.99,11.5,3,high,1
11.255961,75.780523,10.84,17.91,21.36,22.0,0,high,1
11.204189,75.747224,40.7,131.35,165.09,21.8,5,medium,1
11.22412,75.877747,3.66,17.85,22.56,7.1,1,low,0
11.305593,75.838169,60.3,132.81,180.98,24.0,0,low,0
11.20994,75.64984,15.3,27.16,39.91,8.6,6,medium,1
11.143283,75.88101,0.83,2.21,3.35,13.3,6,low,1
11.295076,75.815962,2.34,4.07,11.35,9.3,2,low,0
11.271268,75.656221,4.13,9.85,12.39,22.2,2,medium,0
11.276293,75.78446,1.43,5.02,6.4,20.0,1,medium,0
11.300067,75.862786,10.67,43.51,61.17,12.1,0,high,1
11.286531,75.682876,17.31,31.18,38.49,18.6,2,low,0
11.252298,75.890206,16.07,40.9,67.69,8.7,2,low,0
11.441316,75.65899,1.59,2.43,4.44,12.6,2,high,0
11.147203,75.716702,44.44,94.52,113.56,12.5,2,medium,1
11.203087,75.70457,11.66,31.16,56.11,9.8,4,high,1
11.327387,75.890155,33.87,90.44,138.56,22.5,2,high,1
11.261407,75.740719,11.17,42.03,83.19,18.6,0,high,1
11.310634,75.686975,6.83,13.75,21.16,10.6,2,medium,0
11.263581,75.815617,5.11,10.41,14.95,9.8,3,medium,1
11.359925,75.832894,64.23,107.05,166.34,5.4,3,medium,1
11.169399,75.833403,29.11,96.84,166.1,11.9,1,medium,0
11.357397,75.758293,2.19,6.35,13.65,15.5,1,medium,0
11.34368,75.800363,11.47,46.14,70.54,10.6,2,medium,0
11.153177,75.727981,5.9,16.96,21.21,19.0,1,low,1
11.300453,75.913984,3.01,7.28,23.95,13.2,2,medium,0
11.246557,75.871536,17.21,25.23,67.52,11.3,0,low,0
11.201473,75.866637,3.96,7.51,20.53,23.8,2,medium,0
11.09891,75.843529,126.36,213.64,264.48,10.3,4,high,1
11.169135,75.821579,23.45,64.63,97.26,13.0,1,low,0
11.306649,75.680451,15.81,58.08,70.54,12.6,3,medium,1
11.315107,75.830664,3.68,11.21,18.06,9.8,6,low,1
11.233143,75.789141,1.28,3.9,7.04,9.3,3,high,0
11.315359,75.881069,3.08,6.27,8.52,11.0,3,high,1
11.325621,75.844594,8.54,23.04,59.3,22.3,4,high,0
11.262371,75.82403,3.83,6.09,11.95,20.3,0,high,0
11.192213,75.645262,11.23,16.18,29.07,18.6,1,medium,1
11.285284,75.77288,0.61,1.64,3.54,14.1,1,low,0
11.288959,75.735369,87.54,158.43,314.22,15.2,1,medium,1
11.303916,75.800189,43.37,82.02,239.14,10.3,4,medium,1
11.319232,75.746756,6.12,20.6,50.38,6.5,3,medium,0
11.141027,75.757924,20.22,30.69,63.33,11.6,4,medium,1
11.209206,75.816723,4.15,13.85,18.78,14.9,3,low,0
11.09811,75.745429,0.95,1.67,4.18,6.1,0,low,0
11.30976,75.789727,15.65,41.87,85.33,6.8,1,medium,0
11.233015,75.658447,7.02,18.32,54.56,10.3,1,low,0
11.284465,75.713408,4.81,11.24,18.54,12.3,3,medium,1
11.131946,75.832483,13.05,20.65,32.45,12.9,1,medium,1
11.362078,75.681585,51.77,191.64,246.95,7.4,3,medium,1
11.154453,75.879658,3.71,16.33,21.76,9.5,2,low,0
11.311965,75.857952,4.33,10.79,23.61,10.2,4,high,1
11.259436,75.758542,22.38,98.23,261.73,6.4,1,low,1
11.234845,76.019899,6.08,11.18,28.98,11.5,1,medium,0
11.228387,75.879448,3.11,5.37,6.44,6.4,1,medium,0
11.198955,75.704058,2.45,3.9,5.82,19.1,5,low,0
11.353616,75.839694,18.51,32.37,100.09,12.7,3,low,1
11.251009,75.785269,31.33,47.6,126.86,11.5,4,low,1
11.148462,75.717863,4.75,8.27,14.58,7.5,5,medium,1
11.219283,75.694407,0.85,1.27,3.06,9.5,3,high,0
11.260267,75.859591,4.89,16.5,22.23,9.7,1,medium,0
11.321824,75.732164,4.29,9.54,15.5,24.7,2,medium,0
11.20163,75.77185,6.63,9.51,14.93,21.7,4,medium,0
11.206978,75.706318,7.4,13.69,24.68,5.3,1,low,1
11.251875,75.720147,4.43,6.92,15.7,17.3,6,low,0
11.319874,75.769846,46.64,216.72,347.21,10.1,5,high,1
11.1405,75.811055,3.16,4.97,7.16,7.1,2,low,0
11.290428,75.572931,1.66,3.03,6.0,19.1,0,high,0
11.212875,75.781354,2.13,7.46,12.91,7.6,4,low,0
11.224045,75.72031,8.18,38.42,50.43,13.9,2,medium,1
11.410126,75.892189,0.71,2.16,5.66,17.6,2,high,0
11.234282,76.01542,23.67,35.98,59.98,16.1,3,medium,1
11.310376,75.751258,20.51,38.4,78.11,24.6,1,medium,0
11.307513,75.642222,137.83,208.92,304.31,20.7,1,medium,1
11.155598,75.78935,6.28,14.85,47.86,20.5,4,medium,1
11.102368,75.763566,7.7,11.52,17.23,12.1,3,low,1
11.315679,75.937708,1.84,4.25,11.93,5.2,2,high,1
11.163316,75.913327,7.49,24.79,73.87,19.7,0,medium,1
11.116865,75.84923,1.61,5.84,8.37,25.0,2,medium,0
11.332093,75.733064,11.16,16.02,24.56,13.1,2,high,1
11.168446,75.834221,55.72,151.86,191.7,24.7,1,medium,1
11.188199,75.801201,24.08,85.99,146.79,7.8,3,medium,1
11.40795,75.799306,14.82,72.57,122.69,10.9,3,high,1
11.117221,75.655342,38.09,111.13,161.32,8.4,2,medium,1
11.149497,75.864944,19.86,30.81,64.48,14.5,3,medium,1
11.213224,75.788625,9.72,20.82,65.01,20.9,3,high,1
11.230779,75.771933,0.52,1.01,2.37,11.8,4,medium,0
11.1785,75.731987,93.46,141.35,328.03,23.1,4,low,1
11.157308,75.716511,1.18,2.59,5.35,15.9,3,medium,0
11.3708,75.805381,13.33,21.52,26.28,14.3,2,medium,1
11.271039,75.640067,1.46,4.04,5.44,20.7,6,low,0
11.296813,75.84316,6.72,9.76,11.98,7.0,1,medium,0
11.239022,75.695672,12.63,52.74,62.11,20.5,2,medium,0
11.273156,75.615306,1.66,2.94,5.47,9.9,2,low,0
8.561936,76.896336,78.47,251.07,308.7,25.1,0,medium,1
8.520719,76.939965,2.57,4.55,10.75,14.0,5,medium,0
8.49925,76.919132,7.57,13.22,21.86,15.3,1,low,0
8.436749,76.902119,2.59,5.94,15.8,29.9,1,low,0
8.525428,76.888156,32.96,48.94,72.92,13.6,2,medium,1
8.578832,76.98715,0.86,2.85,7.1,17.1,0,low,0
8.464999,76.900149,15.47,23.55,71.94,18.2,1,high,0
8.519002,76.928262,60.4,104.55,138.72,25.5,1,low,1
8.475874,76.94486,3.43,8.92,18.63,11.6,1,low,0
8.674897,76.872038,4.9,8.11,22.55,27.5,2,low,0
8.544959,76.978742,26.87,100.81,132.88,42.5,3,low,1
8.527196,76.853309,4.12,15.5,21.55,10.9,2,low,1
8.48114,76.969467,6.09,9.16,13.54,32.1,0,low,0
8.590714,76.962151,2.97,12.0,14.98,39.3,0,low,0
8.519946,76.919358,1.28,6.33,11.13,20.9,1,medium,0
8.514807,76.842412,0.53,1.35,3.64,14.6,1,low,0
8.514137,76.930539,4.43,17.58,52.68,11.5,3,low,0
8.431522,76.847412,22.17,35.1,73.87,32.5,1,low,0
8.639667,76.921041,36.26,54.83,157.65,29.3,1,low,0
8.593569,76.993112,4.9,11.11,18.69,18.0,1,low,0
8.520714,76.928764,7.27,17.61,57.17,39.1,1,high,0
8.511752,77.030323,2.22,4.73,8.7,35.7,3,medium,0
8.449472,76.953607,26.24,83.82,210.53,19.7,0,medium,0
8.401919,76.991864,6.35,18.21,36.23,36.4,1,low,0
8.449524,76.987337,0.03,0.11,0.16,18.6,2,medium,0
8.61149,77.042569,3.51,8.3,16.84,33.6,5,low,0
8.489064,76.825591,5.01,9.9,20.3,14.1,2,low,0
8.606591,76.888161,3.78,5.68,6.72,34.2,1,low,1
8.5176,76.932232,11.72,20.58,29.59,18.4,0,low,0
8.450527,76.994055,2.75,4.89,8.39,30.0,0,low,0
8.46128,76.943469,50.93,143.88,232.57,16.0,1,low,1
8.539728,76.929487,4.65,7.23,11.27,35.4,4,low,0
8.390441,77.012431,21.69,32.21,102.73,12.1,3,low,1
8.458637,76.902982,1.95,2.92,8.49,15.8,3,medium,0
8.483711,76.89926,3.27,14.91,22.69,16.4,2,high,0
8.585644,76.971665,60.38,120.25,240.27,11.4,1,medium,1
8.542635,77.121522,27.15,52.05,157.48,36.1,1,low,0
8.534992,76.928423,9.07,26.1,56.29,44.3,1,low,0
8.55707,76.878308,10.84,15.56,41.88,37.2,1,low,0
8.602729,76.884646,90.91,263.06,327.2,40.1,3,low,1
8.524045,76.900727,6.95,22.54,54.75,10.2,2,high,0
8.437257,77.036084,0.04,0.08,0.22,14.1,2,low,1
8.535031,76.900716,0.4,1.11,1.72,29.6,3,medium,0
8.452769,76.954367,24.34,36.77,62.63,44.2,3,medium,0
8.354474,76.922644,12.26,29.19,47.33,33.1,3,low,0
8.535115,76.824948,9.9,24.44,45.28,23.1,2,high,1
8.561338,76.903783,1.04,2.03,3.65,15.1,2,low,0
8.547749,76.732043,36.5,151.73,208.32,15.3,1,low,1
8.560427,76.944008,15.8,27.31,64.89,22.7,3,medium,1
8.609174,76.969164,20.11,34.43,66.45,35.0,1,low,1
8.442474,76.862352,5.06,11.58,14.0,11.1,1,low,0
8.48896,76.886632,63.92,94.3,233.12,39.8,2,low,1
8.417033,76.822758,16.19,33.06,71.64,43.0,2,medium,0
8.555947,76.752693,12.48,22.78,56.2,41.1,1,low,0
8.618305,76.809506,66.66,100.66,323.4,42.0,3,high,1
8.476442,76.98216,18.01,33.79,75.34,10.5,1,low,1
8.577784,76.904858,1.52,3.67,11.26,44.2,1,low,0
8.458452,76.94675,27.54,129.68,336.77,22.8,2,low,1
8.571639,77.093276,11.81,20.93,41.91,40.4,1,low,0
8.341292,77.009903,3.86,5.66,18.16,16.5,0,low,0
8.641811,76.973123,5.11,11.74,16.44,25.6,3,medium,0
8.432778,76.891221,1.04,2.81,3.81,11.5,0,medium,0
8.533515,77.054751,15.42,33.55,63.75,11.4,2,medium,0
8.632384,77.02882,14.54,25.77,30.63,43.0,2,low,1
8.426558,77.00145,2.46,12.26,18.2,38.4,0,low,0
8.660764,76.929606,81.71,126.96,179.05,28.5,0,low,0
8.688247,76.856037,45.83,71.25,175.59,28.4,2,low,0
8.575119,77.051385,23.27,49.45,65.01,36.2,0,medium,0
8.521345,76.999641,28.08,107.49,131.12,22.0,3,low,1
8.505216,76.913714,33.61,62.71,145.86,36.7,2,medium,1
8.565939,76.907858,3.32,12.33,18.2,27.0,2,low,0
8.579695,76.832274,24.48,53.94,75.88,32.3,3,low,0
8.358954,76.990829,22.91,92.83,198.43,43.8,2,medium,1
8.497213,76.943639,4.14,8.38,14.93,26.5,2,high,0
8.473223,76.961821,23.0,64.07,181.18,24.6,1,high,1
8.461646,77.004424,5.53,8.98,22.72,41.7,4,medium,0
8.463223,76.987756,9.91,16.52,49.48,41.6,2,medium,0
8.416471,76.860002,43.4,62.07,102.07,44.7,1,high,1
8.64399,76.93179,24.63,74.92,116.35,29.3,1,medium,0
8.473015,76.963024,12.54,54.29,67.54,22.0,2,high,1
8.508413,76.96906,17.99,42.69,71.36,18.4,3,low,0
8.495,76.802778,3.3,13.66,30.81,11.2,3,high,0
8.4761,76.849517,6.15,21.26,63.9,35.4,1,low,0
8.553358,76.982588,21.15,42.41,53.91,18.2,1,low,0
8.495023,76.981367,15.17,30.58,54.28,31.2,3,low,0
8.56843,77.058775,24.53,110.66,156.84,42.1,4,medium,1
8.645604,76.805996,0.72,1.72,5.57,43.3,3,low,0
8.431986,77.001809,13.63,29.31,51.55,10.2,0,high,1
8.545825,76.960107,1.28,3.83,7.98,21.1,2,low,0
8.54346,76.845927,5.99,9.41,29.73,39.3,0,low,0
8.425969,76.788601,0.54,1.91,2.63,28.8,2,low,1
8.571693,77.005273,6.06,18.52,31.82,38.3,4,low,0
8.499016,76.851318,2.07,7.43,15.37,39.9,2,low,0
8.646344,76.824867,0.51,1.97,2.65,25.5,2,medium,1
8.59992,76.966282,18.68,29.2,53.51,22.6,1,low,0
8.51996,76.929227,1.51,4.44,14.71,25.9,2,low,0
8.502688,76.975971,10.39,18.52,22.6,32.8,4,low,0
8.658607,76.964447,2.86,6.9,15.66,22.9,6,medium,0
8.473655,77.197638,140.1,270.49,357.41,37.1,0,low,1
8.541157,76.98788,0.39,0.58,0.77,41.6,1,low,0
8.51479,76.982766,36.08,57.98,148.94,19.9,1,low,0
8.615589,76.859419,3.46,14.76,26.32,43.8,1,medium,0
8.621737,77.054989,3.66,5.87,18.23,31.8,4,low,0
8.563392,76.889574,9.34,21.92,44.29,40.7,2,low,0
8.477776,76.857169,76.37,203.62,290.04,13.6,1,medium,1
8.50748,76.913081,9.34,17.42,40.48,18.8,1,high,1
8.421583,76.965209,0.98,1.45,3.98,21.2,2,low,0
8.539911,76.893054,8.75,35.42,61.18,20.6,1,low,0
8.455473,76.859885,24.42,41.81,70.23,16.0,2,low,1
8.699107,76.858178,19.11,63.33,94.28,40.4,1,high,1
8.476188,76.946457,48.05,123.18,171.67,24.7,2,low,1
8.602063,76.974826,1.52,2.39,3.5,43.7,1,low,0
8.642279,76.981389,6.65,14.07,18.39,30.4,3,low,0
8.586307,76.805549,2.37,10.14,23.99,14.8,0,high,1
8.479469,76.863554,57.51,126.68,206.53,29.1,2,medium,1
8.473753,77.004497,13.85,23.29,46.75,44.8,0,medium,0
8.755529,76.896063,42.53,91.57,110.43,29.8,2,low,1
8.677916,76.946212,1.49,5.27,9.71,10.1,1,low,0
8.544278,77.140105,21.92,51.87,62.66,42.7,3,low,0
8.49293,76.749632,7.91,11.95,16.53,18.2,0,low,0
8.450399,76.91966,65.0,122.84,176.71,34.1,0,medium,1
8.470417,76.986634,11.04,19.55,34.27,28.0,1,low,0
8.576825,76.851461,42.58,71.81,132.04,21.4,0,low,1
8.705033,76.91921,1.62,6.62,11.23,19.9,1,high,1
8.510496,76.83398,16.07,32.74,70.94,42.5,2,low,0
8.615878,76.976223,0.08,0.21,0.27,41.9,0,medium,0
8.591879,76.876313,4.91,18.22,24.73,28.0,1,medium,0
8.496602,76.895544,2.68,8.88,11.99,19.0,1,high,1
8.599926,77.001738,17.89,30.29,56.28,13.6,3,medium,1
8.602411,76.974488,0.86,3.05,9.0,15.5,1,medium,1
8.593345,77.00787,5.13,14.4,21.31,28.3,4,low,0
8.486991,77.0706,9.2,26.86,53.1,20.8,2,low,0
8.577369,76.935894,2.89,12.9,16.57,11.5,1,high,1
8.615124,77.099334,5.1,11.83,16.22,25.9,4,low,0
8.596461,76.945494,9.57,16.41,43.2,36.1,0,medium,0
8.606225,77.035411,0.25,1.2,1.9,41.2,3,low,0
8.503758,76.927696,3.52,13.75,20.19,30.5,0,low,0
8.605804,76.997228,36.16,64.57,105.42,35.3,3,low,1
8.623205,76.895847,6.14,12.37,21.22,22.7,1,low,1
8.483447,77.037155,13.15,23.58,55.43,27.4,2,high,1
8.409275,77.022082,1.2,3.8,8.84,35.5,2,medium,0
8.650847,76.912909,124.77,207.3,286.96,35.5,1,low,1
8.482998,76.942498,2.2,5.01,16.14,24.9,1,medium,0
8.460593,76.854465,54.9,108.68,149.2,29.0,2,low,0
8.536983,77.004404,9.59,38.99,66.12,42.3,0,medium,1
8.498402,76.997248,0.98,3.25,3.99,32.1,2,medium,0
8.365901,76.83139,11.75,20.03,23.6,32.5,2,low,0
8.591345,77.103719,2.13,6.83,10.27,37.5,0,low,0
8.589343,76.961805,2.79,11.33,21.51,14.0,1,low,0
8.437491,76.911417,1.54,3.09,5.51,28.3,0,high,1
8.517963,77.025897,15.25,32.18,78.05,43.6,2,medium,1
8.438623,76.888237,2.56,5.08,14.33,22.7,3,medium,1
8.451299,77.034557,2.56,5.02,8.12,20.3,4,medium,1
8.471848,76.835899,59.65,132.53,178.37,31.0,1,low,1
8.562286,76.912246,17.06,38.17,85.97,17.7,2,medium,0
8.680895,76.923006,0.42,0.63,1.18,29.5,0,low,0
8.48694,76.886476,7.7,16.49,27.25,15.4,1,low,0
8.587117,76.871061,14.57,28.65,35.84,30.3,3,medium,0
8.58381,76.891052,1.82,5.45,14.48,31.1,0,low,0
8.349619,76.887414,3.46,5.44,12.64,24.6,1,low,0
8.409199,76.892474,1.5,7.05,8.75,23.4,3,low,0
8.683703,77.044736,0.34,0.71,2.22,18.6,0,low,0
8.479503,76.964669,1.51,3.86,5.84,21.6,0,high,0
8.556246,76.922955,1.51,3.0,4.6,27.4,0,high,0
8.546944,76.9912,12.09,31.81,62.28,18.7,2,low,1
8.349755,76.922373,19.94,35.68,64.0,37.4,2,low,0
8.465436,76.866472,10.34,49.18,63.85,34.8,2,medium,0
8.578133,76.801544,11.56,28.7,73.45,19.4,1,low,0
8.444976,77.009106,44.16,71.73,167.84,13.4,3,low,0
8.489752,76.751944,24.07,74.04,127.27,10.0,1,medium,1
8.423673,76.809309,14.1,62.29,118.57,30.9,0,medium,0
8.452758,76.970369,6.32,14.1,22.89,17.4,1,low,1
8.477861,76.928619,8.48,12.32,15.28,10.4,1,medium,0
8.371267,77.046734,7.42,31.95,39.72,22.6,1,low,0
8.613725,76.878467,1.41,6.02,14.11,43.7,2,low,0
8.408913,76.991554,5.75,11.56,24.8,34.1,3,medium,0
8.506206,76.915885,2.69,8.26,21.24,40.0,0,low,0
8.46041,76.973937,75.71,186.88,230.63,15.1,8,low,1
8.606148,76.943595,7.6,12.36,23.82,12.6,1,medium,0
8.421409,76.970322,4.02,13.43,24.54,10.4,0,high,1
8.457435,76.947198,2.4,4.28,5.78,43.4,1,low,0
8.413029,76.95348,18.37,40.62,69.78,20.5,0,high,1
8.327352,76.842916,5.27,8.08,22.08,26.1,5,low,0
8.560727,76.936053,0.37,0.54,0.99,23.8,1,low,0
8.522584,76.978212,86.01,194.39,300.54,35.6,2,low,1
8.537527,76.925868,36.66,74.46,107.05,20.8,1,low,0
8.584839,76.921863,22.04,38.47,58.73,28.7,0,low,0
8.528648,76.779364,45.24,125.91,344.44,44.8,1,high,1
8.484479,77.052727,1.83,5.83,12.47,25.5,1,low,0
8.540771,76.820589,21.95,32.16,45.72,29.3,2,low,0
8.479481,76.880548,7.52,18.06,23.04,27.6,3,medium,0
8.608988,76.866932,4.82,24.02,73.71,38.1,1,low,0
8.491034,76.95374,0.31,0.5,1.56,19.3,0,medium,0
8.510461,76.957357,7.54,15.09,23.07,16.0,1,low,0
8.570926,76.982747,0.35,1.24,2.07,36.4,2,low,0
8.706889,76.986304,0.7,3.25,8.43,24.5,1,medium,0
8.438225,77.067877,13.13,37.98,63.13,42.0,4,low,0
8.422531,76.905566,35.44,53.38,63.85,32.5,1,low,1
8.5004,76.8635,26.44,39.66,61.29,29.8,1,low,0
8.460142,76.911214,0.19,0.53,0.98,12.5,1,low,0
8.575997,76.841581,1.55,2.51,3.32,35.6,3,medium,0
8.535795,76.90238,12.61,29.95,71.81,34.0,1,low,1
8.430444,76.805915,8.09,15.35,29.07,32.4,2,low,0
8.579957,76.863142,0.43,1.16,1.96,19.4,3,low,0
8.667814,76.795002,17.66,38.57,66.78,43.1,2,low,0
8.456078,77.026681,39.82,114.8,142.33,21.3,3,high,0
8.546021,76.938887,0.93,4.05,8.79,15.3,2,high,1
8.344426,77.080425,0.37,1.37,4.14,44.6,1,low,0
8.490551,77.018845,6.14,17.77,22.1,36.1,3,low,0
8.544773,77.026736,51.6,74.98,178.8,24.5,4,low,1
8.508691,76.918826,0.43,0.64,1.25,42.8,1,low,0
8.529007,76.969203,5.03,8.2,13.85,13.2,3,low,0
8.457756,76.858287,27.11,85.71,102.44,13.1,3,low,1
8.620801,76.887411,5.2,12.37,20.81,33.9,2,medium,0
8.487147,76.931121,9.7,23.11,42.3,16.2,1,low,0
8.421643,76.790867,4.37,11.09,17.87,42.1,0,high,0
8.516896,76.88948,51.41,231.1,277.11,39.4,0,low,1
8.593832,76.993436,46.2,98.88,131.86,20.7,1,medium,1
8.564358,76.890785,6.31,26.68,67.9,41.1,0,high,0
8.478581,76.8711,5.24,8.72,11.76,11.5,4,low,0
8.661853,76.899244,8.8,16.12,21.14,29.2,0,high,0
8.514021,76.989843,11.05,29.35,43.17,42.7,0,low,0
8.383012,76.958878,1.51,2.89,4.37,39.9,2,high,0
8.567551,76.911977,8.2,25.92,47.77,22.5,2,high,0
8.509014,76.93141,10.84,32.59,49.92,16.4,1,low,0
8.514076,76.998562,31.55,88.37,125.23,17.4,5,medium,0
8.591105,77.034591,4.45,7.43,20.21,28.0,1,low,0
8.499118,76.892018,7.18,23.5,53.23,30.9,5,low,0
8.496786,76.923404,32.95,68.45,168.29,11.1,0,low,1
8.419718,77.029587,11.61,38.67,50.71,24.5,2,low,0
8.477645,76.97183,22.76,66.45,98.6,39.1,1,low,1
8.539598,76.817767,0.56,1.77,3.24,25.6,2,low,0
8.472969,76.858546,26.97,51.61,68.42,15.9,2,medium,1
8.38645,76.861032,61.16,131.98,190.11,43.4,2,low,1
8.572119,76.896745,1.32,2.36,2.94,19.3,1,high,1
8.575398,76.959587,0.17,0.54,1.59,37.9,1,low,0
8.576001,77.080818,1.26,6.14,10.59,16.8,0,low,0
8.445957,76.923362,19.21,35.56,51.63,24.8,2,medium,0
8.518349,76.982761,2.77,10.76,25.99,27.2,1,medium,1
8.539172,77.020705,2.0,6.19,12.89,27.5,3,medium,0
8.567567,77.048945,21.78,61.71,116.34,28.1,3,low,0
8.569354,77.020786,66.01,115.12,156.23,17.9,2,low,1
8.406975,76.870244,47.53,92.66,162.15,28.1,1,low,0
8.657771,76.813945,9.88,33.84,59.25,26.9,1,low,0
8.423322,76.87971,13.04,26.14,48.67,17.3,4,low,0
8.389507,76.943479,23.04,41.59,97.7,44.6,2,low,0
8.285301,76.870558,6.75,17.11,21.18,40.3,1,low,0
8.575882,76.799991,6.45,19.98,42.08,41.1,0,medium,0
8.635908,76.832771,14.14,26.21,42.81,34.0,1,medium,0
8.469403,77.170526,4.42,8.74,22.9,15.6,1,low,0
8.378561,76.912456,3.14,13.14,24.39,29.9,3,low,0
8.589963,77.074011,9.55,17.9,22.45,38.8,2,low,1
8.41617,76.911221,9.4,21.15,24.96,11.4,5,low,0
8.569519,76.99341,19.69,34.15,68.45,27.4,1,medium,0
8.446041,76.918545,16.93,57.3,148.96,23.9,0,medium,1
8.484874,76.930585,1.14,3.47,7.35,17.4,1,medium,0
8.54554,76.992272,5.39,11.44,23.82,23.2,0,low,0
8.546132,76.897805,19.86,45.05,68.83,44.4,6,high,1
8.52854,76.834468,1.36,3.45,6.02,35.3,1,low,0
8.637614,76.865584,5.06,8.84,12.23,20.5,5,medium,1
8.657146,76.865152,0.58,1.2,1.75,31.2,1,low,1
8.663386,76.936702,5.8,10.44,23.83,18.6,0,low,0
8.505915,76.77832,2.9,10.47,14.32,31.4,0,low,0
8.528486,76.954417,2.65,4.7,6.13,41.4,2,low,0
8.630262,77.031304,28.65,66.5,105.7,29.5,3,low,0
8.467863,76.889356,4.31,19.86,24.52,35.7,3,high,1
8.48562,76.877629,3.57,11.24,15.39,25.9,2,low,0
8.521668,77.087386,34.16,160.46,255.72,28.3,1,low,1
8.518457,77.047758,17.1,39.91,49.99,34.3,1,medium,1
8.497088,76.964206,0.56,1.55,2.46,38.4,0,low,0
8.445202,76.870198,0.76,1.1,1.88,33.1,1,low,0
8.588341,76.976709,17.19,27.1,54.64,44.2,2,high,1
8.489009,76.849319,24.36,39.75,50.6,38.7,3,low,0
8.532508,76.824164,1.49,3.3,8.98,37.2,3,low,0
8.519438,76.966174,4.79,7.93,14.15,39.6,2,medium,0
8.574032,76.891738,16.41,49.21,82.63,19.8,0,low,1
8.5565,76.768139,20.98,43.69,72.2,25.1,3,medium,0
8.499577,76.976941,1.92,4.84,7.34,29.8,1,low,0
8.486803,77.046814,0.3,1.04,1.79,26.2,2,low,0
8.51114,76.98277,0.44,1.87,4.24,39.7,0,low,0
8.431216,76.890096,0.88,1.84,2.39,10.9,1,high,0
8.455658,76.758771,15.43,62.03,93.75,17.3,0,medium,0
8.56244,76.941708,4.5,8.04,10.42,40.9,2,low,0
8.54395,76.877448,93.4,141.35,312.85,12.1,3,low,1
8.442717,76.8579,1.24,4.43,6.81,17.9,4,low,0
8.510413,76.774259,3.29,7.55,10.9,22.3,2,low,0
8.394952,77.08016,6.75,11.86,23.22,36.3,0,medium,0
8.53082,76.842224,10.2,29.71,39.79,29.6,3,high,1
8.493108,76.784273,12.88,19.51,64.74,43.4,1,medium,0
8.687604,77.065571,13.29,20.63,32.89,18.0,3,low,1
8.566972,76.932485,5.45,21.62,33.92,40.5,4,low,0
8.443748,76.920077,1.45,6.77,11.4,19.9,1,low,0
8.442647,76.954752,16.33,23.73,36.71,18.6,3,low,0
8.571019,76.964855,6.0,8.85,22.58,27.4,1,low,0
8.590346,76.947058,7.66,18.63,27.54,12.5,0,medium,0
8.668684,76.809459,1.63,7.24,14.93,23.5,0,low,0
8.612509,76.803259,4.22,8.29,15.11,22.4,1,low,0
8.558172,76.871682,13.73,39.59,81.93,15.6,2,low,1
8.633853,76.889192,6.86,10.27,18.31,40.1,3,high,1
8.525966,76.901198,101.37,169.71,264.4,23.5,0,medium,1
8.522405,76.948285,60.28,114.87,150.92,44.4,1,low,1
8.422987,76.907635,4.0,11.7,20.67,41.5,3,medium,0
8.64067,76.875544,2.12,3.86,8.07,16.8,3,low,0
8.530591,76.961577,24.65,71.54,125.87,27.7,0,low,1
8.512111,76.987106,15.21,69.5,102.38,31.1,2,low,0
8.45648,76.865297,1.12,2.47,5.04,38.7,1,low,0
8.61803,76.820565,17.61,39.62,75.06,41.0,2,low,1
8.598922,76.944415,62.45,107.39,176.18,31.8,1,medium,1
8.447821,76.896348,13.75,21.72,47.05,11.2,1,low,0
8.560839,76.996887,11.96,31.69,76.37,26.8,1,low,1
8.583679,76.851183,0.04,0.08,0.22,41.0,0,low,0
8.420298,76.833537,8.47,19.47,39.42,35.0,2,medium,0
8.571299,76.879333,0.04,0.11,0.35,40.5,1,medium,0
8.555279,76.971583,3.32,5.81,9.36,33.6,0,low,0
8.569854,76.90187,5.15,11.17,28.15,11.5,2,low,0
8.678937,76.922912,0.33,0.5,0.98,43.9,4,low,0
8.756933,76.890383,13.76,26.2,58.47,42.1,4,low,0
8.618898,77.01124,33.68,110.08,170.22,14.4,1,low,1
8.540839,76.968644,2.22,7.86,10.23,13.9,1,low,0
8.571059,76.808192,5.24,13.56,20.92,28.9,1,medium,1
8.554722,77.002094,5.91,15.84,26.46,36.5,3,low,0
8.70814,76.977232,5.24,12.99,19.44,23.4,3,medium,1
8.530992,77.016782,7.54,25.82,81.59,14.8,3,medium,1
8.486859,76.887702,5.31,7.7,20.96,27.9,3,low,0
8.563899,76.85488,6.64,24.34,69.12,21.8,4,low,0
8.687018,76.923386,3.66,6.96,19.65,22.3,3,low,1
8.442508,76.943044,1.88,9.1,20.52,32.6,4,medium,0
8.466248,77.024828,3.36,8.32,14.04,41.0,5,low,0
8.46182,76.980922,0.85,2.4,6.62,29.6,2,low,0
8.424234,76.941927,18.2,46.55,57.16,34.1,2,low,0
8.443906,76.919798,16.24,36.16,46.98,33.1,1,low,0
8.59523,76.931221,0.06,0.11,0.13,29.3,2,low,0
8.537585,76.898455,1.9,3.85,11.92,20.9,1,low,0
8.416492,76.984315,22.79,44.22,57.56,23.2,0,low,0
8.574854,76.813825,35.31,56.74,76.46,21.0,0,medium,1
8.547636,76.930696,28.72,44.64,56.07,42.1,3,low,0
8.596131,77.013531,5.48,9.63,16.31,38.9,1,low,0
8.47168,76.839144,16.09,67.17,91.6,30.3,4,low,0
8.421833,77.085573,26.87,39.47,120.26,41.9,5,low,1
8.57439,76.843817,5.55,8.24,24.11,41.0,0,low,0
8.586008,76.889625,14.05,25.27,69.21,42.5,1,low,0
8.431645,77.012075,16.78,36.58,45.54,17.8,1,medium,0
8.539048,77.046163,26.37,81.07,242.97,35.1,3,low,0
8.470699,76.958598,6.41,11.08,31.2,31.3,3,low,1
8.597692,76.956491,96.64,151.25,186.33,35.7,2,low,1
8.572974,77.07303,1.42,2.67,7.44,19.2,0,low,0
8.617499,76.820551,9.41,18.3,23.51,34.3,1,low,0
8.452702,76.792013,38.23,128.95,175.65,24.3,4,low,1
8.464822,76.776052,19.57,51.65,160.31,39.2,2,low,1
8.490353,76.861899,7.45,13.27,42.54,37.8,1,low,0
8.477596,76.872713,11.15,53.5,90.08,17.4,1,low,0
8.549476,76.960446,24.2,46.48,54.78,16.4,3,low,0
8.433834,77.01062,26.2,44.91,57.33,35.1,4,medium,1
8.641696,77.002689,7.99,21.75,46.23,29.3,2,medium,0
8.659506,77.00035,7.27,30.53,59.58,29.5,3,low,0
8.608755,76.853356,5.84,9.58,18.67,36.3,0,medium,0
8.560007,76.960784,12.23,45.15,64.15,39.9,2,low,0
8.510147,76.871297,2.36,6.12,12.56,18.4,0,high,0
8.535113,76.978072,4.18,7.55,19.79,29.4,2,low,0
8.459497,76.933413,0.28,0.45,0.64,39.0,6,low,1
8.532595,77.000795,51.01,80.82,146.44,40.5,5,low,0
8.546828,77.1201,0.94,2.02,5.89,20.1,1,low,0
8.453972,76.927373,2.18,4.97,6.76,13.6,2,low,0
8.649713,76.841733,0.89,1.42,2.28,18.1,1,low,0
8.513262,76.799504,1.32,2.74,4.81,43.1,1,low,0
8.437702,76.858255,8.13,16.62,24.8,26.2,2,high,0
8.503575,77.015347,2.5,6.0,10.38,24.7,5,high,0
8.471799,76.96876,5.88,15.23,23.19,10.5,2,medium,0
8.452777,76.948424,31.51,71.58,92.1,11.8,1,low,1
8.645706,76.960516,23.51,61.47,96.43,33.4,0,medium,1
8.520796,76.98755,3.44,9.24,13.95,30.6,1,medium,0
8.602383,76.805436,18.87,27.08,42.48,30.1,3,high,1
8.552916,77.008901,12.47,33.87,57.2,13.9,2,low,0
8.55813,76.961152,5.97,18.19,46.1,22.3,2,low,0
8.518904,76.814741,11.98,31.78,65.58,38.4,2,low,0
8.48544,76.956835,3.64,7.35,10.79,16.1,2,high,1
8.623997,76.825807,18.77,28.63,53.62,40.9,2,low,0
8.57234,76.970814,2.5,4.2,8.03,14.3,1,low,0
8.505531,76.939594,7.85,12.63,17.6,15.9,0,low,1
8.599551,76.849265,3.12,4.96,16.37,26.7,3,low,0
8.64081,76.96308,51.88,78.58,116.69,43.1,0,high,1
8.549284,76.994722,7.01,22.08,38.8,21.5,4,low,1
8.644113,76.88412,3.34,7.79,15.35,33.0,0,low,0
8.481825,76.992581,33.29,84.8,174.03,30.6,3,high,0
8.448029,76.907718,13.74,35.13,88.93,15.2,2,low,0
8.492562,76.999944,5.09,9.67,19.98,18.7,1,medium,0
8.5233,76.922324,2.8,6.99,13.57,42.6,2,low,0
8.64443,77.023852,14.09,27.72,51.28,16.5,0,medium,1
8.489526,76.856912,6.3,16.1,24.04,34.3,1,low,0
8.550739,76.859228,10.8,30.38,55.29,43.8,2,low,0
8.608078,76.86696,45.07,119.7,162.2,14.2,2,low,0
8.557396,76.940133,5.05,8.38,12.86,24.0,2,high,1
8.480515,76.917818,1.26,2.53,6.25,17.8,0,low,0
8.417711,76.952925,5.4,7.86,17.36,17.8,1,low,0
8.617509,76.83687,15.07,24.45,71.16,14.2,2,medium,1
8.435801,76.872601,7.64,17.25,21.03,32.7,2,low,0
8.489707,77.031651,8.83,27.5,34.92,36.1,0,low,0
8.522715,76.959727,1.47,2.75,7.92,33.7,6,medium,1
8.621075,76.979887,4.48,7.96,12.92,42.4,3,low,0
8.599817,76.909576,19.17,44.38,53.58,15.1,2,low,0
8.531867,76.953587,7.77,24.66,34.69,21.2,0,high,1
8.617022,76.89201,9.97,20.82,36.5,22.1,1,low,0
8.634616,76.781978,2.68,8.21,18.97,18.1,2,low,0
8.481866,77.012835,5.55,8.28,18.26,15.0,7,medium,1
8.488544,76.944574,59.15,114.99,163.12,27.0,2,low,1
8.579936,76.871437,18.08,52.25,71.65,39.2,4,medium,0
8.65576,76.930101,19.53,63.43,107.37,43.4,0,low,0
8.464413,76.892708,4.4,7.88,21.49,14.5,1,medium,0
8.37263,77.049878,7.5,13.55,16.65,38.8,5,low,1
8.571968,76.983725,27.79,55.73,72.89,38.9,1,low,0
8.629147,76.838173,19.82,39.08,103.57,23.6,2,medium,1
8.530358,76.827331,17.18,34.22,103.32,13.9,2,low,1
8.730722,76.950043,33.67,88.59,148.95,44.7,1,low,0
8.453028,76.940749,7.08,10.59,23.21,32.9,2,medium,0
8.460625,76.971438,32.38,73.65,161.58,44.4,0,low,0
8.459539,76.918534,11.07,52.66,151.34,26.9,4,low,0
8.526968,76.878213,2.99,7.98,9.68,23.8,1,low,0
8.528801,76.970772,3.6,13.58,17.94,18.7,0,medium,0
8.458418,76.977528,9.0,23.59,65.05,44.4,3,low,0
8.609867,77.030598,7.43,14.73,18.83,18.9,1,high,0
8.541425,76.988756,8.4,39.75,58.84,10.8,1,low,1
8.437215,76.863053,24.32,38.29,79.95,27.9,1,medium,1
8.569099,76.950516,56.79,112.41,144.27,23.2,1,low,1
8.486371,76.907136,58.18,167.35,266.09,19.1,1,low,1
8.528126,76.854399,19.93,56.03,73.08,32.2,1,low,0
8.590985,76.786889,3.67,8.47,15.18,22.7,2,low,0
8.599929,77.109819,10.33,31.88,55.41,24.1,2,low,0
8.593325,76.885288,2.31,11.43,24.85,10.8,2,low,0
8.523976,76.919905,0.26,1.2,2.34,30.6,1,medium,0
8.442016,76.947585,9.0,23.77,38.82,14.3,0,low,0
8.494511,76.938935,3.53,13.46,16.4,17.5,2,high,0
8.521856,76.728274,1.05,4.97,7.88,35.1,5,low,0
8.643695,76.916741,2.08,3.3,8.65,21.0,0,medium,0
8.477914,77.071692,34.89,103.51,340.68,15.7,1,medium,1
8.536141,76.913053,5.02,11.12,14.48,30.2,0,high,0
8.421363,77.060809,0.37,1.29,2.57,17.5,2,low,0
8.547243,76.932513,24.94,111.66,235.96,19.5,2,medium,1
8.516366,76.901909,12.21,21.33,28.8,31.7,7,low,0
8.509662,76.941553,2.99,11.4,13.9,35.9,1,low,0
8.58773,76.933006,5.1,23.95,33.66,35.9,3,medium,0
8.46514,76.931227,4.18,8.48,21.43,26.9,1,low,0
8.63207,76.883434,1.54,7.44,14.43,25.9,3,low,1
8.459231,76.82089,24.38,58.3,81.23,37.6,0,low,0
8.629284,76.9749,2.07,6.01,7.52,16.8,2,low,0
8.392307,76.937588,17.05,47.4,55.82,15.3,2,low,0
8.544467,77.063155,4.9,24.29,41.77,33.3,4,medium,1
8.568824,76.927332,6.58,9.65,12.83,24.3,1,low,0
8.49122,76.808892,10.52,22.95,70.47,34.8,2,medium,1
8.542223,76.955793,1.95,4.0,8.75,19.0,3,medium,0
8.490912,76.936074,2.26,4.23,8.4,21.4,2,low,0
8.555821,76.895531,33.05,55.2,65.99,41.4,2,medium,0
8.540029,76.979474,1.21,2.41,7.97,24.8,2,medium,0
8.697355,76.96981,7.88,13.57,28.9,30.7,3,low,0
8.409713,76.834247,1.56,3.67,4.52,13.7,3,low,0
8.536074,76.892572,13.09,33.95,72.44,16.3,2,high,0
10.819046,76.724275,2.26,3.76,5.42,74.6,0,low,0
10.735667,76.581688,0.09,0.26,0.4,80.6,3,medium,0
10.714208,76.556812,7.64,11.28,17.9,103.0,2,low,0
10.841105,76.762188,44.91,92.78,251.93,96.6,2,low,1
10.875651,76.657516,0.09,0.36,0.57,64.2,5,low,1
10.700499,76.497665,49.98,90.63,113.85,105.6,4,low,0
10.721203,76.648977,11.43,24.4,70.27,75.8,1,medium,1
10.727289,76.698904,3.02,6.22,12.78,100.3,1,low,0
10.834131,76.701089,144.57,207.4,357.62,67.4,1,low,1
10.808939,76.588098,51.87,187.74,277.19,119.9,3,low,1
10.772059,76.599434,32.5,61.51,176.09,64.8,2,medium,0
10.717608,76.663053,11.75,27.37,35.09,104.5,2,low,0
10.908633,76.733082,0.78,2.34,7.25,92.5,1,medium,0
10.858208,76.544786,7.38,13.5,17.5,65.2,0,low,0
10.62037,76.549352,12.52,23.43,74.34,61.6,0,low,0
10.848538,76.759664,4.98,7.93,20.63,81.8,1,low,0
10.756906,76.747412,24.94,39.0,52.69,108.1,1,high,1
10.73188,76.574612,31.21,64.89,83.94,62.5,3,low,0
10.841298,76.619,2.78,7.65,9.11,102.3,2,low,0
10.80808,76.818633,0.37,0.79,2.16,99.3,0,high,0
10.78712,76.720414,52.83,139.15,236.03,75.9,1,low,0
10.708053,76.646052,0.75,2.22,6.47,64.6,2,medium,0
10.861177,76.741403,1.78,3.75,9.71,114.9,3,low,0
10.681087,76.611401,4.38,8.29,20.93,78.0,3,low,1
10.84193,76.662621,0.62,1.26,3.76,66.7,0,low,0
10.787177,76.625207,4.1,6.05,7.65,100.9,2,medium,0
10.777142,76.70661,0.84,2.41,6.53,73.0,2,low,0
10.735907,76.70617,1.85,4.78,7.4,88.5,1,low,0
10.793175,76.667851,14.8,27.72,43.03,63.0,1,low,0
10.66995,76.690328,1.25,2.5,6.11,119.6,1,low,0
10.878771,76.74094,4.02,20.01,23.56,86.9,2,medium,0
10.74776,76.687301,20.83,58.49,119.11,119.9,3,low,1
10.724818,76.668044,8.01,24.5,30.71,83.1,1,high,0
10.764256,76.684137,5.95,9.61,11.69,80.9,1,medium,0
10.75011,76.746979,49.11,77.56,94.37,114.9,2,medium,0
10.879472,76.576069,1.32,3.86,5.4,79.8,0,low,0
10.641331,76.683263,0.79,3.13,7.13,85.9,0,low,0
10.774064,76.499041,9.77,32.28,88.1,64.7,0,low,0
10.90662,76.62737,3.19,11.06,18.03,117.3,2,low,0
10.785462,76.800802,25.1,78.76,158.15,65.1,0,low,0
10.795076,76.586769,27.96,88.12,116.4,106.3,1,low,0
10.777746,76.519483,5.38,12.23,17.22,92.3,1,high,0
10.728074,76.574342,1.58,4.4,9.72,63.7,2,low,0
10.823215,76.707003,0.61,1.27,4.1,60.1,0,low,0
10.764665,76.639482,1.59,4.27,9.93,116.1,1,medium,0
10.791262,76.569493,49.61,81.68,133.48,104.5,1,low,0
10.823923,76.746624,0.24,0.35,1.02,101.2,1,low,0
10.815357,76.684181,4.35,10.83,16.36,86.3,1,low,0
10.78775,76.557471,9.35,41.59,62.13,74.3,3,low,0
10.851885,76.632268,2.7,8.45,21.5,100.8,0,low,0
10.860935,76.820612,0.4,1.61,2.57,96.5,0,low,0
10.842779,76.625231,0.0,0.0,0.0,103.6,0,low,0
10.864424,76.514477,24.32,46.55,82.69,81.9,0,low,1
10.888461,76.687607,8.75,19.04,23.1,119.2,0,low,0
10.683492,76.68061,2.21,6.88,19.14,64.0,0,low,0
11.000618,76.756612,6.38,10.94,20.89,64.8,0,low,0
10.792519,76.618654,10.62,39.95,50.85,115.0,0,low,0
10.760552,76.685335,2.12,6.75,13.17,98.9,0,medium,0
10.793487,76.669724,2.14,3.98,7.46,79.6,0,low,0
10.661945,76.649493,13.38,44.82,67.14,105.7,0,low,0
10.798724,76.675893,23.89,44.29,66.49,87.2,1,high,1
10.716552,76.698158,2.11,3.06,9.8,61.3,0,medium,0
10.785811,76.694026,37.15,60.33,109.57,99.1,0,low,0
10.791586,76.723443,2.5,8.92,18.46,74.6,2,high,0
10.73259,76.467638,7.81,16.98,26.31,66.9,2,low,0
10.635706,76.530359,16.93,41.18,68.0,73.5,2,high,0
10.801897,76.667069,55.79,80.18,121.86,88.6,1,low,1
10.779916,76.659269,21.18,31.04,47.07,63.0,2,low,0
10.795388,76.568662,1.94,7.36,16.73,113.0,0,medium,0
10.746279,76.62321,40.7,62.2,142.8,93.6,2,low,0
10.727447,76.583881,15.38,51.84,102.93,77.6,1,low,0
10.762792,76.697015,54.49,151.49,349.79,101.2,3,medium,1
10.791132,76.578672,6.28,16.66,24.66,108.3,1,low,0
10.833894,76.667176,11.13,32.4,51.3,96.8,0,high,1
10.715186,76.732007,13.93,22.24,53.07,72.1,0,low,0
10.843292,76.580324,15.13,41.45,52.72,66.6,2,medium,0
10.832308,76.542757,90.03,147.99,267.44,111.6,1,low,1
10.821649,76.589096,18.63,26.73,72.26,74.1,0,low,0
10.92642,76.580398,9.64,15.53,37.24,61.2,1,low,0
10.639248,76.653226,0.6,1.61,2.7,98.6,2,medium,1
10.936049,76.513892,6.28,11.3,23.24,69.2,1,low,0
10.727707,76.778487,1.91,4.09,5.33,119.5,1,low,0
10.799324,76.549498,6.36,10.71,18.73,112.2,1,low,0
10.783524,76.542067,1.13,4.09,5.1,96.5,0,low,0
10.672944,76.65491,4.44,8.55,24.0,110.0,0,low,0
10.822321,76.640162,25.3,43.11,64.56,88.2,1,medium,0
10.849101,76.759703,32.42,55.84,70.94,107.3,2,low,0
10.813777,76.628096,54.97,80.63,174.85,98.8,2,low,1
10.661852,76.627198,2.51,10.95,29.22,61.7,3,high,1
10.680787,76.701812,9.59,25.72,46.67,116.9,0,low,0
10.724217,76.725798,5.88,13.43,16.2,111.7,1,high,0
10.881821,76.494418,36.65,103.26,159.26,117.2,2,high,0
10.78769,76.655237,1.4,3.95,6.04,103.9,2,low,0
10.619946,76.822406,66.45,230.67,344.63,84.7,2,high,1
10.945146,76.600131,7.04,11.6,36.05,72.4,1,low,0
10.900019,76.662016,7.72,11.8,21.65,70.8,0,high,0
10.693061,76.731577,1.06,4.39,12.82,68.7,2,low,0
10.747258,76.6889,1.69,6.1,12.89,73.2,2,low,0
10.757094,76.565933,2.21,7.03,9.35,93.0,1,medium,0
10.821853,76.644607,0.78,1.71,2.59,101.0,1,medium,1
10.79591,76.550808,21.38,35.9,42.35,78.8,1,low,0
10.725496,76.564493,0.99,4.21,10.67,92.9,2,low,0
10.884888,76.738709,13.15,25.38,48.95,80.5,2,low,0
10.919518,76.718496,31.24,113.74,152.61,101.8,1,medium,1
10.776044,76.792873,12.23,17.84,42.6,119.3,0,low,0
10.734103,76.723901,2.54,3.91,10.16,101.3,4,medium,0
10.90761,76.638641,8.18,12.12,22.65,63.5,0,low,0
10.604443,76.568867,2.43,9.61,18.81,88.6,1,low,0
10.708451,76.76178,9.74,21.94,26.14,106.2,0,low,0
10.858349,76.700071,10.22,36.14,65.6,92.5,1,medium,1
10.891323,76.713984,28.82,57.63,74.5,117.1,2,high,1
10.754438,76.695863,5.86,18.52,23.49,63.3,1,low,0
10.962424,76.744905,4.73,8.08,20.9,77.5,1,high,1
10.584434,76.528101,51.06,97.82,141.06,73.2,1,high,1
10.867579,76.552889,8.56,17.61,38.91,106.1,2,medium,0
10.786913,76.580256,64.24,104.86,297.8,91.4,0,medium,1
10.741068,76.679128,107.31,238.39,305.21,68.3,2,medium,1
10.850222,76.613417,16.14,48.19,104.56,77.1,2,low,0
10.748783,76.740259,1.6,3.13,6.38,91.4,0,low,0
10.693037,76.648668,3.22,4.75,9.92,119.8,1,medium,0
10.789236,76.835498,3.29,6.57,16.03,81.9,2,high,0
10.775665,76.787095,64.58,125.45,232.75,69.4,1,low,1
10.717555,76.661132,4.97,7.44,13.89,89.8,0,medium,0
10.734148,76.541343,16.8,36.72,69.96,78.6,2,medium,0
10.746957,76.705122,130.85,187.42,233.12,94.0,0,low,1
10.6499,76.560937,24.04,85.9,176.43,88.0,2,low,1
10.644745,76.57204,7.22,15.41,48.67,101.4,3,medium,0
10.854647,76.61848,0.31,1.0,2.52,114.9,3,low,0
10.666098,76.616964,0.41,0.96,1.38,72.0,0,low,0
10.778576,76.69421,7.48,26.21,41.93,109.3,0,low,0
10.630456,76.676191,58.07,186.58,226.58,117.0,0,medium,0
10.900491,76.569263,34.07,111.56,163.59,82.4,0,low,0
10.758426,76.626343,2.7,7.5,18.44,66.8,1,medium,0
10.869417,76.541216,2.17,8.1,22.11,109.3,2,low,0
10.949153,76.682149,19.31,31.94,54.46,102.1,0,low,0
10.676894,76.501186,9.67,31.15,46.77,72.8,1,low,0
10.725539,76.631221,1.08,2.65,6.76,86.7,2,medium,0
10.849761,76.598319,1.91,9.2,14.58,94.7,3,low,0
10.729368,76.693638,57.04,225.94,291.24,70.2,3,low,1
10.80323,76.585284,113.78,175.55,250.73,102.9,2,medium,1
10.788206,76.582001,29.56,47.79,71.83,101.4,1,medium,0
10.592568,76.681714,25.96,41.84,57.0,113.2,0,low,0
10.855494,76.685968,3.03,7.48,20.94,94.0,1,low,0
10.769028,76.56629,6.25,23.09,56.02,94.5,2,low,0
10.684478,76.697101,0.64,2.54,7.91,97.2,1,low,0
10.903747,76.846538,3.52,6.99,18.42,76.4,2,low,0
10.723769,76.612278,2.84,4.62,5.76,105.5,0,low,0
10.719374,76.551722,4.09,6.3,14.92,99.7,1,low,0
10.635932,76.654436,26.82,77.87,117.25,110.3,2,low,0
10.827603,76.53946,50.77,140.82,206.98,106.1,1,low,0
10.783399,76.629301,7.49,29.91,45.66,98.3,2,low,0
10.640945,76.609596,14.38,24.5,40.51,69.7,1,medium,0
10.79965,76.705382,0.54,1.59,2.81,115.1,1,low,0
10.846203,76.509494,15.48,35.14,66.19,82.0,1,medium,0
10.816971,76.523691,26.68,40.16,49.93,117.9,0,medium,0
10.885977,76.680541,7.44,12.92,42.32,84.1,0,low,0
10.731654,76.693395,0.94,4.16,12.62,68.8,1,low,0
10.921418,76.478231,7.31,35.81,62.73,113.1,2,low,0
10.780292,76.771666,0.13,0.22,0.46,107.7,2,low,0
10.84404,76.720053,3.41,7.17,13.67,107.2,2,low,0
10.88221,76.596275,23.28,41.56,48.96,65.4,1,medium,0
10.991968,76.657645,4.51,16.22,22.33,112.8,1,low,0
10.693507,76.492331,26.28,41.32,52.8,95.8,1,low,0
10.720846,76.706337,9.4,16.02,31.87,88.2,0,high,0
10.795189,76.582299,2.71,4.2,9.72,114.8,1,low,0
10.750331,76.621524,78.11,210.79,291.79,100.0,1,low,1
10.715857,76.641209,20.07,59.4,79.82,68.0,2,low,1
10.658012,76.74666,3.68,13.32,22.12,91.2,0,high,1
10.79007,76.687386,14.97,22.51,28.39,98.2,0,low,0
10.843639,76.621237,0.18,0.64,0.76,113.9,0,low,0
10.80818,76.602859,10.92,42.05,75.21,76.8,1,low,0
10.649609,76.668035,18.38,62.02,146.79,107.7,0,low,0
10.651511,76.643159,3.9,6.66,11.4,108.0,1,low,0
10.784897,76.630653,16.41,25.45,30.14,67.7,1,low,0
10.760892,76.65048,46.04,76.04,164.9,61.0,4,low,0
10.754573,76.628365,1.56,3.24,5.07,94.9,1,high,0
10.757793,76.524777,3.88,5.56,8.16,107.4,1,medium,1
10.740146,76.645396,0.44,1.86,4.44,93.3,0,medium,0
10.791906,76.64826,9.16,14.45,23.17,108.8,1,low,1
10.868098,76.660647,3.71,8.96,18.95,97.3,2,low,0
10.705264,76.56973,5.96,13.93,18.1,99.2,1,low,0
10.816228,76.586008,0.2,0.76,1.1,61.7,4,low,0
10.786615,76.781137,2.14,9.86,13.07,65.3,1,low,0
10.637352,76.590752,7.9,22.04,53.77,103.5,1,low,0
10.727548,76.690737,22.82,79.39,248.85,105.8,2,low,1
10.780808,76.586251,36.89,83.52,108.78,92.5,0,low,0
10.953151,76.498713,2.99,10.92,21.3,95.4,0,low,0
10.721986,76.641688,8.3,30.88,77.42,96.9,1,low,0
10.73118,76.699024,65.48,102.56,292.56,66.3,0,medium,1
10.813053,76.623302,44.91,67.98,116.4,100.1,1,low,0
10.770938,76.490303,37.82,55.44,144.92,88.7,2,high,1
10.679064,76.471338,31.65,58.59,95.78,96.2,1,medium,0
10.641199,76.742288,2.45,4.18,5.97,93.8,0,medium,1
10.631091,76.64886,5.39,8.72,14.67,105.8,1,high,0
10.848002,76.698572,31.23,58.98,74.0,79.1,2,low,0
10.697563,76.668533,3.43,9.4,24.37,82.4,0,low,0
10.969592,76.557969,35.75,128.52,224.82,83.5,2,medium,0
10.737749,76.629535,0.32,1.0,2.56,105.7,1,low,0
10.841718,76.51424,138.79,223.78,286.26,85.9,1,low,1
10.68706,76.725664,53.05,96.79,119.1,70.6,1,low,0
10.795192,76.675543,4.24,9.9,19.04,119.0,0,low,0
10.893079,76.709251,1.33,6.18,13.2,89.6,0,high,0
10.752014,76.753254,1.93,5.79,12.76,66.6,0,low,0
10.693153,76.621492,25.01,44.3,57.32,100.2,0,low,0
10.750216,76.590687,27.2,59.62,88.27,104.3,3,high,1
10.762702,76.641531,98.92,236.78,301.89,90.0,1,low,1
10.701145,76.751409,1.59,4.45,12.21,98.8,2,medium,0
10.912236,76.524701,5.8,11.52,20.5,70.4,2,high,1
10.7815,76.651654,1.59,2.33,3.47,82.1,3,medium,0
10.882419,76.714397,3.88,5.97,7.52,69.7,0,medium,0
10.865951,76.674638,19.19,89.16,174.78,83.2,0,medium,0
10.916096,76.735851,2.88,6.53,13.83,93.8,0,medium,0
10.679274,76.527197,20.91,57.32,71.47,86.6,1,low,0
10.831564,76.736983,2.56,5.62,17.23,95.6,1,low,1
10.739694,76.600063,6.57,13.06,23.16,90.1,1,low,1
10.768635,76.482389,6.77,22.58,40.89,79.1,2,medium,0
10.693527,76.623855,6.63,11.23,29.53,68.6,1,low,0
10.966005,76.582886,4.54,10.37,20.06,75.2,2,low,0
10.721186,76.636873,31.66,45.49,65.22,72.0,0,medium,1
10.832224,76.528407,1.65,7.76,15.47,102.4,0,medium,1
10.677149,76.640145,7.49,25.39,53.98,109.2,2,medium,0
10.759643,76.604008,137.09,251.63,344.68,103.2,1,low,1
10.864848,76.809034,15.63,28.54,33.82,98.6,0,low,0
10.807787,76.663904,5.52,11.23,15.41,78.5,2,low,0
10.704668,76.66826,14.43,21.04,27.49,102.7,2,low,0
10.722792,76.631751,29.9,73.33,89.79,96.3,0,low,0
10.793024,76.749802,3.31,8.1,10.93,62.8,2,medium,0
10.778617,76.688823,36.32,55.44,66.06,114.5,3,low,0
10.674959,76.771049,6.11,13.03,18.33,64.8,0,low,0
10.749517,76.734344,44.35,117.68,177.28,90.2,0,medium,0
10.768325,76.619184,0.43,0.76,1.12,90.8,1,low,0
10.825472,76.708365,100.79,197.68,248.64,110.2,0,medium,1
10.861045,76.71513,7.86,22.26,32.94,114.8,0,high,0
10.833691,76.725578,0.23,0.66,0.92,116.4,1,low,0
10.807163,76.682113,1.1,2.77,6.61,94.2,0,medium,0
10.809012,76.542519,1.16,4.9,6.11,100.7,0,medium,0
10.818164,76.647664,3.85,5.73,10.5,65.3,2,low,0
10.856542,76.658889,0.4,1.36,3.5,89.3,2,low,0
10.915352,76.65568,2.68,9.04,12.21,113.9,0,low,0
10.70219,76.741791,18.44,35.22,71.0,87.3,2,low,0
10.744143,76.59854,4.22,7.51,18.7,64.2,0,low,0
10.860842,76.660888,5.28,9.28,21.05,72.0,0,low,0
10.700396,76.644434,8.07,20.82,65.24,85.8,2,medium,0
10.676356,76.704682,2.17,3.41,9.74,74.3,0,medium,0
10.728667,76.794812,5.24,11.09,17.72,83.5,4,low,0
10.785882,76.699803,6.14,14.64,18.86,80.0,0,low,0
10.741729,76.694499,11.67,19.29,35.28,79.1,1,medium,0
10.809563,76.568414,4.46,13.86,21.51,65.5,1,medium,0
10.757262,76.526512,5.37,8.53,11.44,113.0,1,low,0
10.752387,76.670456,6.01,12.81,25.82,101.6,0,low,0
10.646474,76.635079,6.9,10.61,16.08,97.4,3,low,1
10.827902,76.686827,2.51,8.34,16.92,96.4,0,low,0
10.828954,76.600966,6.02,9.01,13.79,83.8,2,medium,0
10.76504,76.762234,22.21,40.84,97.3,109.4,1,low,0
10.79192,76.554306,53.6,105.26,125.64,115.8,0,low,1
10.791751,76.634319,35.42,86.17,252.02,60.3,4,low,1
10.864109,76.618692,28.9,42.61,73.73,64.8,2,high,1
10.79782,76.737816,12.79,30.3,66.23,100.5,4,low,0
10.673166,76.631511,89.83,199.95,317.14,74.2,0,low,1
10.932637,76.603759,1.43,2.42,4.53,114.7,1,medium,0
10.883117,76.656456,6.67,19.47,41.55,100.0,1,medium,0
10.783977,76.586882,1.44,4.15,9.49,82.1,1,low,0
10.792389,76.648218,11.68,19.87,49.63,84.9,3,low,0
10.803144,76.63962,0.15,0.55,0.76,101.5,1,high,0
10.718346,76.881138,35.44,57.96,137.27,68.5,3,low,0
10.86919,76.613001,90.89,177.31,244.41,113.0,0,low,1
10.860844,76.64285,3.74,7.96,14.04,60.3,1,low,0
10.773082,76.667452,8.12,25.8,75.94,118.7,0,low,0
10.833791,76.671852,1.86,3.14,8.04,70.1,1,low,0
10.863468,76.733453,9.16,15.2,19.22,104.5,0,medium,0
10.798161,76.8037,13.96,31.61,50.05,62.4,1,low,0
10.697533,76.585916,3.12,7.92,19.72,85.9,1,medium,0
10.834863,76.685092,13.31,41.19,59.95,97.8,2,low,0
10.784509,76.636847,9.29,16.09,21.37,64.2,4,medium,0
10.69242,76.676428,6.35,12.23,25.37,86.6,2,medium,0
10.86279,76.73883,7.0,23.07,38.07,78.2,2,medium,0
10.798959,76.780213,36.55,61.19,132.62,89.9,0,medium,0
10.761639,76.719971,15.89,24.79,72.05,90.3,2,medium,0
10.945764,76.675225,2.03,8.83,16.99,107.1,1,low,0
10.736389,76.732107,4.77,8.14,11.41,67.4,3,low,0
10.70457,76.582688,70.37,112.35,203.43,65.0,2,low,1
10.792518,76.591937,18.07,25.97,49.66,84.1,1,medium,0
10.767591,76.663476,7.52,23.59,47.05,113.3,2,low,0
10.735307,76.743102,13.61,35.31,63.92,111.3,3,low,0
10.892702,76.626351,3.35,4.91,10.33,93.6,0,low,0
10.69022,76.634767,6.44,26.07,40.94,113.3,4,medium,1
10.804781,76.491408,13.06,28.28,84.42,108.3,0,high,0
10.786986,76.841065,0.39,0.86,1.16,76.7,1,medium,0
10.779118,76.631605,51.53,102.39,259.04,70.2,2,low,0
10.87243,76.430703,2.05,5.62,8.67,78.1,4,low,0
10.944326,76.663369,5.04,7.6,13.88,73.6,0,low,0
10.780024,76.68783,4.33,12.91,17.8,97.4,1,low,0
10.851054,76.631601,10.69,20.37,27.0,95.1,1,low,0
10.78326,76.577185,2.29,5.11,12.41,95.9,1,low,0
10.786308,76.721826,4.83,14.49,21.55,71.4,3,high,0
10.816109,76.712652,31.19,105.94,261.93,107.5,1,low,1
10.793482,76.692084,3.25,4.8,13.03,86.0,1,low,0
10.707092,76.588861,4.75,9.88,12.17,88.3,0,high,0
10.886497,76.6013,8.72,17.37,44.49,119.8,2,low,0
10.815957,76.621964,0.69,1.17,2.75,76.9,0,low,0
10.776263,76.616842,0.28,1.17,3.16,83.6,1,low,0
10.729882,76.70003,1.39,2.5,4.48,100.6,0,low,0
10.803359,76.618413,14.72,52.08,64.63,112.8,1,medium,0
10.760548,76.574004,26.38,46.26,103.91,67.6,2,low,0
10.794574,76.683856,3.84,14.17,23.7,104.1,2,medium,0
10.764889,76.840129,21.25,34.48,65.51,115.1,2,medium,0
10.713515,76.587053,4.48,8.3,17.11,85.4,3,low,0
10.908831,76.593235,4.35,11.07,18.01,77.2,0,low,0
10.704496,76.64021,6.31,16.63,27.38,100.7,2,low,0
10.717539,76.710506,1.94,7.07,14.21,74.8,0,low,0
10.834253,76.695257,36.07,55.32,72.05,83.1,2,low,1
10.804782,76.640545,0.08,0.32,0.98,113.8,0,low,0
10.832858,76.615113,35.15,80.61,232.38,95.4,3,low,1
10.820251,76.817943,7.42,23.3,27.58,65.7,1,high,0
10.719757,76.741515,7.07,10.13,14.24,79.8,1,low,0
10.833597,76.788818,1.06,2.16,2.91,97.6,1,low,0
10.72856,76.70623,2.08,7.57,11.98,88.9,0,medium,0
10.864302,76.642523,5.1,9.56,18.0,99.6,1,low,0
10.700158,76.6819,14.93,21.46,33.22,105.7,1,low,0
10.716561,76.794532,27.21,54.15,154.31,88.8,0,high,1
10.718814,76.691109,0.46,1.08,1.51,119.2,2,low,0
10.804819,76.512534,0.77,2.23,3.74,114.9,0,low,0
10.775837,76.762187,1.42,5.79,7.0,63.6,1,low,0
10.789179,76.769749,13.24,42.16,64.8,76.0,2,low,0
10.770565,76.748983,3.89,8.15,21.25,78.0,2,low,1
10.775747,76.542584,71.3,123.6,219.67,71.1,1,low,0
10.741438,76.68095,6.32,9.88,29.79,78.7,0,low,0
10.659118,76.732031,140.96,236.16,332.63,85.5,2,low,1
10.668392,76.651277,2.46,9.35,16.23,63.1,2,high,0
10.715885,76.680479,9.71,16.56,32.89,67.6,3,low,0
10.754234,76.694797,21.61,44.04,52.89,65.8,2,low,0
10.897167,76.583888,24.37,56.08,68.62,62.8,0,high,0
10.698458,76.687601,0.7,1.43,1.74,88.9,3,low,0
10.692603,76.571149,16.78,82.23,195.07,80.0,0,low,0
10.634367,76.641784,17.0,72.68,103.73,116.1,0,low,0
10.820099,76.603879,6.19,13.37,16.31,66.2,1,high,0
10.762923,76.720031,5.97,20.81,33.9,115.6,3,medium,1
10.67647,76.703506,4.03,8.53,20.41,65.2,0,high,0
10.777713,76.69539,43.49,115.32,153.8,97.2,0,medium,0
10.733334,76.672553,27.19,41.59,53.05,74.9,1,low,0
10.883615,76.684874,1.34,1.99,2.9,109.6,1,low,0
10.72636,76.810706,7.87,11.4,24.71,63.7,0,high,0
10.91585,76.755946,3.22,4.96,12.25,117.2,1,low,0
10.793778,76.573073,5.04,7.27,11.3,62.8,2,low,0
10.748409,76.60727,7.78,14.08,24.89,74.5,2,low,0
10.759443,76.633309,30.98,45.54,68.19,87.9,0,low,0
10.803459,76.630612,9.0,17.28,47.82,105.4,1,low,0
10.758546,76.583842,10.41,17.22,45.94,117.1,0,low,0
10.705949,76.696935,3.96,14.89,29.8,85.7,0,low,0
10.830474,76.645115,5.55,10.25,23.16,105.4,3,low,0
10.859322,76.667402,8.99,13.51,21.09,103.6,2,low,1
10.862174,76.513253,9.56,20.34,40.5,94.3,1,low,0
10.767178,76.524173,3.74,12.73,18.83,101.5,2,low,0
10.867348,76.606704,6.39,13.78,19.07,62.3,0,low,0
10.805238,76.698636,1.27,2.3,5.7,86.5,1,high,0
10.756584,76.688242,26.25,44.87,55.68,107.2,0,low,0
10.735119,76.730601,34.45,74.6,101.78,88.5,2,low,0
10.853654,76.59394,12.84,41.58,64.49,112.4,1,low,0
10.645369,76.704854,2.04,3.08,3.85,110.0,0,low,1
10.8911,76.772418,38.03,64.81,145.24,111.8,1,low,1
10.79008,76.724128,1.45,4.34,8.15,67.8,1,medium,0
10.732239,76.54661,5.64,9.31,26.81,74.6,3,low,0
10.722811,76.738627,0.64,1.7,3.09,61.8,0,medium,0
10.74454,76.676104,61.39,172.33,297.88,119.0,0,high,1
10.836473,76.686332,14.93,23.63,37.0,74.2,1,low,0
10.804927,76.849646,12.07,18.96,56.55,82.0,2,low,0
10.743282,76.669727,5.8,14.54,45.74,76.5,2,low,0
10.736731,76.700497,6.47,31.66,59.64,62.4,3,low,0
10.805123,76.657503,1.46,4.98,12.32,75.7,1,medium,0
10.999492,76.630539,18.98,29.0,40.43,65.9,2,medium,0
10.998676,76.679166,14.0,21.56,32.29,83.7,0,low,0
10.864095,76.61503,8.6,20.15,42.05,118.0,1,low,0
10.718043,76.66164,1.82,5.16,15.87,101.9,0,low,0
10.840326,76.625864,2.6,7.41,18.51,102.4,0,low,0
10.720469,76.483731,14.57,22.47,33.02,87.2,0,low,0
10.76169,76.610661,17.82,49.17,58.21,108.7,1,medium,0
10.889251,76.726444,0.98,2.15,4.48,114.5,0,low,0
10.760473,76.69158,2.32,4.11,5.55,117.7,1,medium,0
10.757374,76.631259,12.21,40.06,51.57,65.9,1,low,0
10.739541,76.657886,0.77,2.36,7.23,112.8,1,medium,0
10.714631,76.585563,5.04,13.3,16.54,73.5,1,medium,0
10.759051,76.594175,21.35,40.5,72.79,83.8,1,medium,0
10.839234,76.650535,1.88,3.09,3.72,80.7,1,low,0
10.83415,76.632739,38.07,80.43,134.9,100.5,0,low,1
10.803506,76.589715,2.64,9.91,23.08,95.9,2,low,0
10.874111,76.644665,33.09,78.2,93.54,66.5,1,low,0
10.642037,76.560986,4.96,18.8,43.34,107.0,3,high,0
10.784206,76.775937,0.59,2.43,3.09,86.4,1,low,0
10.72328,76.721648,27.85,56.28,142.41,60.1,1,low,1
10.938749,76.47627,26.6,39.23,58.46,84.9,0,medium,0
10.759514,76.717087,97.54,157.63,299.55,91.0,3,low,1
10.839331,76.620172,25.54,43.49,52.11,64.1,0,low,1
10.859782,76.606265,14.1,25.03,62.31,69.1,3,low,0
10.750133,76.710241,9.12,14.06,26.79,119.6,2,low,0
10.854371,76.638555,8.99,15.6,23.94,112.3,1,medium,0
10.863387,76.619029,42.29,82.36,98.32,68.0,4,medium,0
10.843183,76.543709,5.55,14.52,31.08,94.8,3,low,0
10.738227,76.723246,9.35,37.35,72.06,82.8,4,low,0
10.665548,76.732921,38.68,89.85,162.2,92.6,2,low,1
10.951073,76.662905,92.37,139.46,317.68,88.2,1,low,1
10.756739,76.556731,0.96,1.96,2.62,62.9,0,low,0
10.860348,76.674207,6.7,22.92,65.38,78.9,1,medium,0
10.742826,76.701286,20.0,38.13,55.45,67.5,1,low,0
10.947825,76.647876,15.82,36.57,61.6,89.3,1,low,0
10.740136,76.720526,102.64,154.19,356.05,114.4,1,low,1
10.788046,76.663564,15.28,54.49,95.42,119.7,3,low,0
10.965761,76.674328,21.12,37.99,50.22,116.7,2,low,0
10.652134,76.768437,5.55,10.26,18.83,119.1,0,low,0
10.876495,76.610653,11.85,17.13,46.68,60.9,2,low,0
10.777978,76.524554,4.31,8.94,27.73,103.8,1,low,0
10.836613,76.636478,1.29,2.03,2.79,76.4,1,low,0
10.75216,76.6049,5.64,26.55,55.1,111.9,0,medium,0
10.910883,76.536249,1.51,5.79,7.13,108.8,0,low,0
10.715047,76.69975,7.61,20.39,31.89,85.4,0,low,0
10.782973,76.650067,11.56,22.68,41.99,88.4,1,low,0
10.854834,76.504306,1.3,3.07,5.02,75.9,1,low,0
10.714367,76.773694,12.88,42.74,77.51,77.3,2,low,0
10.790191,76.591768,1.5,3.03,3.8,118.9,1,medium,0
10.697989,76.600729,18.45,38.17,69.15,113.3,3,medium,1
10.747847,76.725326,4.23,9.15,25.6,71.5,2,low,0
10.989964,76.684256,24.08,98.19,156.25,76.5,0,low,0
10.887322,76.73735,65.71,99.04,154.11,66.5,2,low,0
10.833294,76.4756,5.05,10.17,14.11,119.3,0,low,0
10.809539,76.627117,1.41,4.24,5.21,114.4,1,low,0
10.654738,76.66071,20.37,37.46,68.9,93.1,1,high,0
10.765052,76.754123,8.64,24.07,48.75,101.6,0,low,0
10.853784,76.582427,1.12,2.47,4.33,104.9,1,medium,0
10.744621,76.62275,3.16,8.53,10.73,72.2,0,low,0
10.808845,76.661264,2.62,4.09,4.87,116.1,1,low,0
10.699728,76.710912,5.47,7.84,9.4,91.6,1,low,0
10.692976,76.561257,5.96,21.25,49.83,65.5,2,medium,0
10.962498,76.714932,5.22,24.65,43.0,83.8,0,low,0
10.95033,76.602793,7.93,25.61,57.85,96.1,2,low,0
10.773157,76.680028,5.82,11.75,23.4,81.2,0,high,0
10.717749,76.634559,10.16,35.41,111.56,102.0,2,medium,1
10.704623,76.671996,10.06,16.62,42.79,112.9,2,medium,0
10.81213,76.666967,3.87,9.57,18.46,106.3,1,low,0
10.934776,76.752161,3.36,6.64,13.26,98.6,0,high,1
10.724095,76.631149,9.01,21.05,46.44,90.7,2,medium,0
10.795932,76.625811,18.26,28.03,65.69,75.3,0,medium,0
10.791898,76.735471,10.77,49.52,69.55,87.3,4,high,1
10.913254,76.762024,35.74,63.3,137.01,77.6,2,high,1
10.802453,76.618298,34.21,65.03,94.44,116.0,0,low,0
10.668312,76.705387,32.7,62.32,123.96,114.4,0,low,0
10.840206,76.58169,3.8,9.34,12.61,69.3,3,medium,0
10.79368,76.705854,0.88,4.24,10.81,109.4,1,low,0
10.710629,76.723608,1.38,2.54,6.56,102.2,2,low,0
10.864806,76.627984,20.14,32.76,48.62,118.5,1,medium,0
10.754972,76.738867,2.18,8.97,11.16,87.8,0,low,0
10.806676,76.628983,15.46,36.73,97.0,103.3,1,low,0
10.791559,76.651923,2.16,7.69,22.59,91.1,1,low,0
10.756111,76.68129,9.11,18.02,22.13,64.2,1,low,0
10.715068,76.573193,4.1,6.92,18.99,62.8,1,medium,0
10.824765,76.541289,2.34,4.39,10.02,67.3,2,high,0
10.682383,76.672383,2.7,7.51,9.26,77.8,1,medium,0
11.033415,76.068992,2.19,5.67,13.92,67.5,5,medium,0
10.999613,76.074254,9.18,16.66,19.8,38.1,1,low,0
11.133432,76.109597,0.14,0.6,0.95,48.6,1,high,0
10.97815,76.046197,7.39,33.6,46.7,67.4,2,high,0
10.98963,76.204198,0.29,0.8,1.07,39.7,1,high,0
11.065711,76.110779,37.91,67.13,100.62,37.9,3,medium,1
11.191443,76.144529,5.25,20.35,29.61,28.1,1,medium,0
11.121247,76.052356,24.49,47.3,73.03,66.9,1,low,0
11.01824,76.060172,0.93,2.77,4.22,60.0,3,medium,0
10.935432,76.13493,13.86,26.35,32.51,31.1,2,medium,0
11.073322,76.126895,4.19,9.77,24.3,36.6,2,medium,0
11.090114,75.970107,15.01,58.27,129.18,65.7,2,low,1
11.064178,76.080211,17.58,54.31,154.59,46.9,0,medium,0
11.214511,76.107907,9.75,31.46,41.37,47.8,0,medium,0
11.059446,76.059576,20.21,71.61,130.95,52.4,1,low,0
10.88743,76.100314,8.79,20.25,25.34,58.1,3,low,0
11.037429,76.06296,3.64,5.38,10.22,67.0,3,medium,0
11.106372,75.89026,15.17,28.67,52.75,60.1,1,medium,1
11.100952,75.965129,4.34,7.03,12.86,66.7,1,medium,0
11.055866,76.147999,19.92,28.84,45.29,61.0,1,medium,0
11.042623,76.05045,6.68,14.21,19.7,22.3,0,low,0
10.91003,76.085175,1.97,6.19,12.54,25.9,3,low,0
11.076862,76.069707,24.39,36.73,56.81,64.2,1,low,0
11.04291,76.003976,1.05,1.9,4.62,21.4,4,low,0
11.08994,76.032634,27.97,41.17,68.08,59.7,5,high,1
11.109303,76.096316,13.62,25.91,43.14,62.5,1,low,0
11.169285,76.10448,123.64,210.43,266.78,40.8,4,low,1
10.993555,76.245073,4.5,6.98,8.8,37.7,3,low,0
10.966481,76.031781,22.91,39.53,69.6,29.7,3,medium,1
11.024083,76.203651,25.59,53.17,169.58,22.4,0,medium,1
11.011153,76.001167,1.87,4.29,5.61,57.3,4,low,0
11.003967,76.109088,28.3,46.26,154.04,23.7,6,low,1
11.185593,76.08423,0.85,1.45,2.57,67.2,1,high,0
11.081873,76.059931,0.09,0.23,0.75,34.8,3,high,0
11.227791,76.069547,4.64,10.33,20.91,59.7,0,medium,0
11.069754,76.020191,10.62,20.52,31.56,23.0,1,medium,0
10.97625,76.142312,0.42,1.95,3.87,46.8,3,medium,0
11.005346,76.002591,3.98,12.28,15.16,37.5,2,medium,0
11.151956,76.095402,13.96,42.95,65.84,21.5,4,medium,1
10.979292,76.130469,1.99,3.11,4.74,52.8,1,medium,0
11.11463,76.180736,5.68,15.54,30.71,67.2,1,medium,0
11.04146,76.147742,0.29,0.62,1.93,20.5,5,medium,0
10.995614,76.115794,0.27,0.44,0.62,33.5,1,medium,1
11.180922,76.018981,0.67,2.02,2.91,55.2,0,medium,0
11.022915,76.007138,11.18,42.67,72.13,63.6,2,medium,0
11.003794,75.978914,30.31,44.96,85.0,29.5,1,medium,0
11.063689,75.971259,18.07,32.71,54.88,23.5,5,medium,1
11.029341,76.069888,35.21,122.04,171.7,20.4,2,medium,1
11.247199,76.011807,6.62,10.86,15.7,30.8,5,medium,1
11.154829,76.165938,10.47,17.63,26.64,23.6,4,high,1
11.022745,76.023683,27.04,43.7,54.82,38.0,2,medium,1
11.031973,76.07754,15.07,44.58,70.15,42.0,1,medium,0
10.908444,76.048828,31.11,73.32,238.06,44.0,2,medium,1
11.080992,75.957691,14.24,26.03,40.68,27.1,2,medium,0
11.010235,76.157155,1.57,3.96,6.22,43.2,4,high,1
11.077041,76.125639,10.18,43.33,128.08,20.5,1,medium,0
10.912698,76.134842,0.85,3.18,5.95,32.0,0,medium,0
11.067859,76.117596,5.94,11.91,18.09,38.5,4,medium,1
11.205894,76.009241,4.3,11.08,16.12,25.9,1,low,0
11.074331,76.010796,1.61,7.93,10.02,60.7,4,medium,0
11.008025,76.106159,8.04,13.78,18.06,30.1,1,low,0
11.068363,76.193434,29.4,71.99,197.73,57.7,5,medium,1
11.06486,76.100878,4.25,11.9,18.74,43.7,1,medium,0
11.245347,76.148277,19.28,34.63,55.15,44.0,1,medium,1
11.043373,76.02793,3.15,7.36,15.75,52.3,0,low,0
10.973737,76.157828,0.36,0.65,1.62,22.2,1,medium,1
11.071717,76.036443,1.31,6.33,15.45,23.9,4,low,0
11.085643,76.089213,4.05,19.77,49.71,36.3,3,medium,0
11.114984,76.040707,4.33,9.03,12.15,40.8,3,medium,0
11.130461,76.141132,10.84,15.68,41.09,41.5,2,high,1
11.226442,76.142221,3.8,11.3,25.38,53.8,3,low,0
11.022347,75.951858,2.4,4.44,10.57,20.0,2,low,0
11.015076,76.176024,1.98,6.94,10.02,68.0,1,high,0
10.921669,76.260113,1.46,4.09,10.57,28.7,5,low,0
11.122932,76.041573,4.16,17.42,55.6,32.4,1,medium,0
10.999015,76.059856,34.5,53.87,106.49,65.3,1,medium,0
11.141341,76.169154,6.39,18.0,38.47,20.3,1,medium,0
11.030669,76.075341,2.03,6.46,12.44,69.6,0,medium,0
11.208077,76.069682,55.42,98.04,137.19,21.8,2,low,0
10.955319,76.221757,1.3,4.35,14.18,26.0,6,high,0
11.151834,75.961656,2.26,7.07,22.04,32.0,2,medium,0
11.142307,76.006883,7.04,27.96,63.46,41.9,2,low,0
11.112126,76.103426,0.7,1.03,1.3,45.9,2,medium,1
10.980619,75.940436,35.81,110.6,281.43,25.2,2,low,1
11.112492,76.040159,27.17,38.93,45.89,23.7,5,medium,0
11.08015,76.039427,1.93,6.71,9.03,21.6,0,medium,0
10.92358,76.146942,2.77,13.19,23.95,32.8,1,low,0
11.194662,76.125428,22.05,34.03,47.84,66.1,2,low,0
11.042351,75.935342,17.49,35.69,60.97,39.5,3,low,0
11.188497,76.01455,81.32,216.44,354.08,58.2,1,low,1
11.064587,76.014795,9.21,20.16,32.55,29.5,1,medium,1
11.148586,76.052674,6.02,18.21,27.73,23.2,3,high,1
11.001238,75.982196,1.35,2.61,7.84,47.7,4,low,0
11.087155,76.106132,0.36,0.71,1.11,61.1,1,low,0
11.081515,76.014465,5.14,21.41,30.84,64.9,3,medium,0
11.044112,76.11709,55.28,84.35,179.13,47.3,2,medium,0
11.000462,76.069772,26.33,61.2,73.01,34.7,0,medium,0
10.824656,75.992154,1.95,6.56,17.28,25.5,2,high,1
11.002339,76.181062,17.74,50.17,62.65,53.4,2,medium,1
11.126041,76.183418,13.63,21.52,32.02,34.0,1,low,0
10.958382,76.093228,3.88,9.9,14.88,62.2,1,low,0
10.974949,76.050864,12.3,25.58,32.72,50.3,3,medium,0
10.955211,75.985497,22.42,33.27,43.92,62.9,1,medium,0
11.086711,76.155689,2.22,4.23,8.63,48.3,2,medium,0
10.998527,76.135811,20.61,38.32,55.7,58.6,3,low,0
11.167627,76.00488,0.21,0.65,1.99,34.7,2,high,0
11.12877,76.015055,0.77,1.44,2.59,45.2,0,high,0
11.08601,76.106554,17.97,45.27,55.5,21.0,3,high,0
11.094316,75.975965,4.7,7.17,15.9,50.4,1,medium,0
11.008964,76.019945,3.64,13.75,41.99,46.7,1,low,0
11.008985,75.986755,6.88,20.07,32.34,57.8,1,low,0
11.126882,75.989333,19.39,83.23,168.04,56.4,2,medium,0
11.143071,76.012395,16.0,40.99,80.56,51.4,1,medium,0
11.126181,76.14248,10.35,37.76,60.87,22.8,0,high,0
11.032353,75.929636,1.4,2.25,3.5,65.2,3,medium,0
11.038694,76.104679,20.37,30.74,56.87,20.9,0,medium,0
10.995459,76.090636,5.14,9.61,16.59,60.2,3,medium,1
11.13146,76.147468,13.89,55.19,65.21,44.0,1,medium,0
10.913084,76.090564,3.03,8.16,9.88,60.9,2,medium,0
10.893661,76.039693,12.26,17.98,26.09,43.3,1,medium,1
10.909611,76.004775,2.11,7.88,20.28,52.3,2,medium,0
10.898585,76.149233,2.64,5.53,11.1,38.2,2,high,0
11.178571,76.109756,98.34,261.23,332.48,57.2,4,high,1
11.132944,76.030549,7.23,10.34,19.4,32.7,2,high,0
10.974112,76.142713,14.12,41.2,49.92,56.0,4,medium,1
11.061525,76.03433,9.54,42.63,74.97,29.7,0,low,0
11.187263,76.069925,4.93,8.94,11.55,56.1,1,high,1
11.110016,76.021641,6.94,19.11,59.83,34.7,2,high,0
11.23915,76.112707,4.77,9.02,16.75,33.9,1,medium,0
11.060859,75.990465,22.37,88.66,129.4,60.6,3,medium,1
11.017587,76.046113,19.41,42.06,54.27,60.7,2,medium,1
10.983511,76.017636,4.92,12.68,19.97,54.6,2,high,0
11.071892,76.091097,2.65,5.65,14.29,66.2,5,low,0
11.144885,76.101079,23.44,37.4,47.51,27.8,1,medium,0
11.07793,75.981667,24.57,35.8,58.1,33.5,2,high,1
11.041344,76.102515,5.55,9.62,26.78,34.7,2,medium,0
11.170522,75.951862,0.88,1.52,2.73,35.3,1,medium,0
11.112311,76.245358,28.03,60.35,88.17,36.4,3,high,1
11.060925,76.029082,1.45,5.83,10.64,54.9,2,low,0
11.008673,76.153941,28.5,53.43,68.59,33.5,2,low,1
11.049645,76.086093,2.35,8.57,16.08,34.3,2,medium,0
11.10782,76.089344,4.87,15.1,24.32,48.5,2,low,0
11.007572,75.976714,6.22,11.23,27.0,29.7,2,medium,0
10.971308,76.137475,5.55,10.5,18.05,38.2,1,low,0
11.031588,76.073892,16.3,45.63,107.99,22.9,2,medium,1
11.066063,76.107611,6.5,11.09,26.16,67.6,4,medium,0
11.179063,76.062743,49.16,73.41,161.72,35.9,1,medium,1
10.977197,76.080403,0.62,1.32,4.07,62.5,1,medium,0
11.08814,75.999026,1.12,2.09,5.35,46.5,2,low,0
11.047794,76.057769,7.53,22.42,42.02,31.4,3,low,0
11.051765,76.036409,5.03,7.33,19.71,29.7,6,low,0
11.193149,76.013554,1.96,5.83,15.61,54.7,1,low,0
11.076497,76.080762,20.49,31.83,38.24,68.2,5,low,0
10.996916,76.099071,11.87,17.88,33.42,29.2,1,medium,1
11.1411,76.090062,0.8,1.43,2.74,25.8,6,medium,1
11.135219,76.061819,24.58,40.58,90.73,39.4,1,medium,0
10.989906,76.102889,17.07,39.8,68.41,39.7,1,low,0
10.974565,76.089373,29.47,44.66,71.13,60.3,5,high,0
11.102842,76.077802,7.33,12.83,24.2,43.4,3,low,1
11.067362,76.083292,3.92,10.78,20.87,23.1,0,medium,0
11.032353,76.16464,10.34,47.53,69.37,66.0,1,medium,0
11.154504,75.973594,62.16,132.15,160.69,38.7,5,medium,1
11.022618,76.044512,11.63,18.75,23.95,53.4,2,medium,0
11.103725,76.097054,15.49,24.57,67.28,53.4,1,medium,0
11.163972,75.943381,4.7,7.61,11.55,22.8,1,medium,0
11.04287,76.180607,10.18,33.1,108.94,20.2,2,medium,0
10.923672,76.090385,14.52,35.14,54.21,24.4,3,low,0
11.037755,76.146552,39.09,77.12,138.86,67.8,4,medium,0
11.085143,76.159581,16.36,30.64,53.75,59.7,0,high,0
11.15024,76.102996,4.05,11.01,17.67,26.6,3,medium,0
11.028307,75.891393,6.76,12.38,17.47,50.7,0,medium,0
11.207847,76.081816,0.76,1.53,2.18,50.6,1,low,0
10.966094,76.086951,1.12,2.32,7.14,20.0,1,high,0
11.083131,75.983051,8.34,15.69,22.25,41.5,1,low,0
11.050867,75.926826,51.97,103.59,136.95,55.6,3,low,0
11.177767,76.106934,0.79,2.77,8.21,29.3,2,medium,0
10.952108,75.970065,50.0,78.47,164.3,62.5,2,medium,1
11.104051,76.234913,1.47,4.58,6.23,53.0,3,high,1
11.050461,76.091051,82.91,144.89,253.66,20.3,2,low,1
11.192331,76.178121,45.17,156.72,229.73,62.7,3,medium,1
11.003715,76.072493,6.66,12.55,21.78,21.0,0,low,0
11.103225,76.130123,168.89,260.7,311.09,64.4,0,medium,1
11.002945,76.074261,20.59,100.5,123.32,36.7,4,medium,1
11.085045,76.150446,7.31,10.6,23.31,54.9,1,medium,0
11.040451,75.906933,38.18,177.72,346.94,59.4,4,medium,1
11.039182,76.141052,1.97,9.56,17.79,34.1,5,medium,0
10.911005,76.123501,5.01,7.97,22.3,37.8,1,medium,0
11.103167,76.057668,17.65,31.84,60.97,45.5,2,medium,0
10.983421,76.037267,2.88,11.4,15.71,49.1,1,medium,0
10.980666,76.046072,5.39,8.06,10.52,34.6,1,medium,1
10.945577,76.092621,96.73,180.49,229.22,69.6,1,high,1
10.985516,76.167123,15.02,58.78,190.85,56.9,0,medium,1
11.110038,76.027265,73.58,116.75,159.09,33.7,1,high,1
11.106094,75.933859,7.9,17.93,31.11,52.0,2,low,0
11.123097,76.268766,16.55,48.82,118.09,41.8,1,low,1
10.987842,76.123726,2.06,3.37,5.87,63.0,2,medium,0
11.087183,76.038703,113.92,200.13,261.83,36.4,1,low,1
11.020769,76.165108,2.17,4.24,7.87,29.4,6,medium,0
11.146378,76.144696,88.92,136.95,162.12,22.3,2,low,1
11.104081,76.109383,29.79,47.24,73.91,69.2,4,high,0
11.017479,76.031836,62.36,198.98,349.48,38.0,2,medium,1
11.153246,76.123386,41.47,64.87,140.35,31.0,0,medium,0
11.110588,76.157165,21.06,54.43,177.82,44.6,2,medium,1
10.95904,75.932394,11.91,28.63,45.04,34.6,3,low,0
10.936278,76.08796,55.03,80.21,129.86,31.6,1,high,1
10.962185,76.093854,34.55,59.58,101.97,50.8,2,medium,0
11.201935,76.091286,4.82,13.37,22.45,23.7,3,low,0
10.988763,76.073695,13.6,25.96,33.99,45.4,2,high,1
11.220091,76.164886,3.4,7.24,15.26,39.4,1,medium,1
10.984615,76.053095,24.74,95.79,158.94,46.6,1,medium,1
10.976091,76.069777,6.46,10.03,14.88,36.0,2,high,0
11.140396,76.095253,49.28,80.66,194.18,48.5,1,high,1
11.144042,76.055754,7.28,12.36,15.29,24.1,1,high,0
11.114466,75.95912,6.49,13.53,19.18,38.8,2,medium,0
11.124089,76.08713,21.86,70.41,213.81,31.9,3,medium,1
11.00587,76.088037,9.18,14.29,18.42,41.9,3,low,0
11.13664,76.040787,21.06,55.93,68.93,39.9,3,high,1
11.0892,76.059415,27.63,131.53,178.58,51.6,1,medium,1
11.040778,75.81561,3.79,5.48,10.25,51.4,0,medium,0
11.07757,76.166672,14.02,22.24,26.26,40.7,0,high,0
11.154852,76.142082,8.66,16.93,45.95,29.1,2,high,0
11.101348,75.962974,36.67,177.85,298.84,49.1,5,high,1
10.897376,76.015963,2.75,8.77,22.28,68.3,2,medium,0
11.141298,76.185882,5.41,12.7,23.45,29.3,1,low,0
11.135171,75.977612,29.35,57.09,70.48,23.5,5,high,1
11.039675,76.108277,6.72,12.12,16.45,33.2,4,medium,0
11.07934,76.030639,7.4,12.46,17.06,40.6,0,high,0
11.079019,76.102811,0.01,0.03,0.06,35.3,2,medium,1
10.911643,76.074011,18.56,35.15,43.19,61.7,2,high,1
11.037866,76.047341,51.81,85.54,170.22,44.7,3,medium,0
11.040962,76.101082,3.11,5.55,17.24,32.3,2,high,0
11.057302,76.030556,5.16,7.61,11.7,67.5,1,low,0
11.027932,75.927261,9.62,15.09,30.21,26.3,1,high,0
11.123027,75.995782,0.67,2.37,6.16,26.1,2,low,0
11.00527,75.986171,28.93,42.94,52.75,32.3,4,low,1
11.142806,75.94167,4.41,14.6,22.44,23.8,1,medium,0
11.119259,76.099552,1.36,1.96,2.4,57.6,0,medium,0
11.178833,76.056179,1.31,2.39,3.84,35.6,3,medium,1
11.208704,76.098315,2.82,5.49,16.38,56.5,3,medium,0
11.209236,76.11166,12.14,33.51,105.89,58.1,1,medium,0
10.975151,76.130518,44.63,167.45,210.55,31.9,3,high,1
11.097535,76.102554,2.87,10.9,33.92,45.9,2,medium,0
11.012577,75.991631,20.06,31.68,49.63,46.0,0,medium,0
11.332424,76.116362,2.82,6.77,14.59,63.6,0,medium,0
11.119126,76.087744,22.86,47.62,70.22,21.3,2,high,1
11.183305,76.245208,15.66,23.51,51.49,35.8,2,high,0
11.10483,76.070633,1.81,5.54,17.28,64.1,2,low,1
10.859165,76.100632,1.85,3.17,4.52,31.8,1,low,0
11.007315,76.062414,3.66,8.4,17.84,26.8,3,low,0
11.015153,76.073912,3.0,9.78,16.22,48.8,1,medium,0
11.038789,76.068511,16.28,25.98,35.81,35.3,2,medium,0
11.098765,76.03523,53.86,99.75,145.28,43.4,2,medium,0
11.110107,76.084188,11.83,47.8,97.21,61.0,2,medium,0
10.859813,76.119741,18.31,38.89,54.68,46.0,1,medium,1
11.051046,76.036439,8.47,13.53,16.72,45.8,2,low,0
11.03113,76.136846,2.57,11.02,17.33,33.9,4,medium,1
11.180483,76.127145,19.76,48.4,70.46,59.6,1,low,0
11.11738,75.999579,11.08,18.39,23.7,57.0,4,high,1
11.055354,75.992905,9.74,15.47,20.25,31.7,2,medium,1
11.087894,76.105852,19.99,34.01,68.94,36.0,1,medium,0
10.935038,76.022997,0.14,0.41,0.48,59.4,2,medium,1
11.122908,75.986343,1.3,2.86,9.07,37.9,1,medium,0
11.038357,76.207352,0.48,0.84,0.99,40.2,2,medium,0
11.00541,75.992694,0.68,2.45,5.62,38.2,2,low,0
11.175139,75.948112,11.89,23.91,44.09,28.1,3,medium,1
11.091886,76.007305,9.55,17.05,21.69,37.0,4,low,1
11.016766,76.088532,3.47,5.56,12.79,60.1,1,medium,0
11.021649,76.075884,1.76,6.87,16.22,44.6,1,medium,0
11.099273,76.220977,2.16,5.93,9.07,42.9,0,medium,0
11.093054,76.008529,93.46,198.5,288.52,27.8,0,medium,1
11.072354,76.088893,3.41,6.2,20.39,28.9,2,medium,0
10.973731,76.160279,2.33,4.13,7.53,22.1,2,low,0
10.985563,76.017279,13.31,40.75,71.61,20.7,0,low,0
11.010135,76.126298,0.5,2.4,5.33,44.4,3,medium,0
11.054308,75.923426,23.3,42.6,70.97,40.5,2,medium,0
11.066695,76.2107,0.18,0.27,0.71,33.8,1,medium,0
11.057202,76.149581,79.48,132.73,277.7,69.5,5,medium,1
11.06086,76.015546,126.47,247.37,357.33,39.9,2,high,1
11.2205,76.136385,29.83,43.31,55.49,59.4,1,medium,0
11.13794,76.175055,13.71,32.92,52.74,30.5,3,medium,1
11.165057,75.966907,2.69,5.82,17.06,32.4,5,medium,1
11.107141,76.02201,32.21,156.26,232.07,48.4,2,medium,1
11.075792,76.177687,0.72,1.07,1.35,20.2,1,medium,1
11.102797,76.075398,1.78,3.62,6.28,20.9,2,medium,0
11.088066,76.104893,1.0,2.52,4.41,27.1,3,high,0
11.134638,76.075616,4.34,19.52,23.09,31.2,1,medium,0
10.991989,76.141319,16.75,43.95,67.61,46.4,1,low,0
11.12798,76.111035,1.19,5.9,7.94,54.3,0,high,0
11.083365,76.078497,15.86,43.79,66.8,35.6,3,medium,1
10.925433,75.901865,1.51,2.23,5.29,32.0,1,high,1
11.076858,76.121201,12.13,43.78,95.96,61.1,2,high,1
10.965503,76.128339,19.96,42.22,63.38,28.1,2,medium,0
11.0272,75.970837,6.68,22.78,41.35,53.9,2,low,0
11.057265,75.976272,8.73,14.75,28.24,66.6,3,high,0
10.949432,76.111408,22.64,47.04,150.6,31.6,2,medium,1
11.065701,76.085546,5.86,19.46,24.74,24.3,2,low,0
11.075477,75.912017,7.05,11.13,14.15,69.0,4,medium,0
11.130406,76.004238,12.51,21.14,38.18,33.5,0,medium,0
11.033699,76.095107,52.86,78.24,114.16,33.8,2,low,1
11.091958,76.124134,1.29,6.45,16.22,44.2,1,low,0
11.062367,76.023254,4.34,10.12,17.53,31.6,2,medium,0
11.036538,76.058203,8.4,12.0,22.16,69.6,3,low,0
10.936354,75.999652,9.1,15.02,22.72,22.1,4,low,0
11.061072,76.175914,56.86,92.36,165.43,42.6,0,low,1
11.129561,76.083967,4.75,9.31,16.21,47.4,1,low,0
10.995303,76.016585,12.23,21.97,47.49,43.3,1,low,0
11.052577,75.977496,28.8,47.8,146.33,46.0,1,high,1
11.064361,75.968649,3.3,13.4,16.66,69.4,4,medium,1
11.158195,76.214924,0.91,1.67,5.45,63.8,3,medium,0
11.072409,76.056119,3.51,5.77,12.69,35.4,2,medium,0
11.093047,76.038038,4.26,19.34,35.41,47.6,3,low,0
11.069308,76.05294,3.73,10.69,22.48,20.0,3,high,1
11.030616,76.019583,1.77,4.88,8.08,40.5,3,medium,0
10.979242,76.061439,7.0,11.15,20.14,28.2,4,medium,0
11.047194,76.072794,2.45,4.15,9.43,55.6,3,high,0
11.101469,76.0712,3.51,6.65,19.09,31.1,3,medium,1
11.079846,75.968992,1.25,2.07,5.52,57.4,3,medium,0
11.188361,76.141394,4.62,10.84,19.09,35.7,3,high,1
11.145668,76.025763,16.57,26.0,33.98,66.3,0,high,0
11.169245,76.017307,1.38,4.36,12.27,42.3,3,high,0
10.907418,76.013694,11.39,20.63,30.68,62.0,4,low,0
11.196347,75.985802,12.13,37.81,51.39,51.4,0,high,0
11.091345,76.091424,16.03,72.89,161.18,68.9,2,medium,0
11.102714,76.141599,4.31,12.61,18.89,57.1,2,medium,1
11.141682,76.012161,0.38,0.86,1.27,56.4,4,low,0
11.071705,75.92255,54.29,87.32,126.68,33.2,1,low,0
10.98437,75.987831,59.05,129.93,164.48,45.2,1,low,0
11.185793,76.034137,2.44,8.44,16.25,34.5,2,medium,0
11.008542,75.971485,0.45,0.64,1.48,21.0,2,low,0
10.991143,76.022101,21.92,65.42,109.19,55.5,1,low,0
11.051256,76.025878,3.22,4.65,13.91,31.8,0,high,0
11.03912,76.068761,30.1,45.04,93.13,39.9,0,medium,0
11.070305,75.953604,112.1,237.89,302.74,34.2,1,medium,1
11.062143,76.116409,2.31,9.41,15.87,30.0,2,medium,0
11.17777,76.202875,28.48,52.0,96.26,23.4,2,medium,0
11.106746,76.184329,3.82,6.14,13.76,36.9,1,low,1
11.001376,76.023276,29.64,70.13,160.23,24.1,1,medium,1
11.01236,76.123492,1.29,4.03,9.37,47.0,4,medium,0
11.038945,76.11402,2.81,4.67,6.17,21.0,1,low,0
11.039264,76.066518,23.89,50.56,60.06,67.0,3,medium,0
11.02882,76.08416,0.31,1.05,1.77,68.3,4,medium,0
10.981861,76.124644,37.69,55.86,162.43,35.2,1,medium,1
11.093232,76.14067,11.34,16.82,23.59,33.0,0,low,1
11.033552,76.005066,7.24,18.87,24.12,25.2,2,medium,1
10.993856,76.129815,2.04,8.78,10.81,65.2,0,medium,0
11.108838,76.203317,46.74,90.7,140.44,49.3,0,medium,1
11.137826,76.140575,4.45,12.41,21.43,50.5,3,high,0
11.050349,76.192917,14.72,63.14,98.46,64.8,3,high,1
11.212519,75.863318,0.14,0.21,0.69,65.5,0,medium,0
11.247242,76.117657,20.42,29.21,44.23,61.4,4,low,0
11.109751,76.09114,43.48,115.87,167.86,58.7,2,medium,1
11.032495,76.152167,5.04,8.8,12.63,63.9,1,medium,0
11.091516,75.97995,1.88,8.08,13.26,63.8,1,medium,0
10.972045,76.029509,38.91,101.11,147.6,38.4,0,high,1
11.000251,76.142043,8.9,34.99,53.73,68.7,2,medium,0
10.935385,75.985227,2.29,10.08,27.72,55.5,2,medium,0
11.019723,76.089385,52.57,106.32,133.89,38.5,2,medium,0
10.971398,76.068645,22.16,36.88,57.4,42.1,4,medium,0
11.119925,76.054326,42.52,99.7,142.37,54.4,0,medium,1
11.010067,76.115816,13.87,30.01,61.42,38.1,3,medium,0
11.09213,75.98076,13.78,41.08,51.0,61.3,2,medium,0
11.129833,76.007591,7.37,12.97,22.5,27.4,0,medium,0
11.163707,76.05886,67.55,177.5,263.57,65.4,2,medium,1
11.041726,75.973905,24.92,106.59,129.41,35.1,1,high,1
11.094851,76.168474,4.43,15.68,19.51,27.6,4,medium,1
11.0974,76.006099,11.53,43.64,66.66,62.9,0,high,0
11.171767,76.132906,2.65,6.34,16.21,32.0,2,medium,0
11.132685,75.99996,5.99,25.77,31.32,62.2,0,medium,0
11.174268,76.126336,121.67,201.7,239.75,34.8,2,medium,1
10.936828,75.941292,0.12,0.18,0.5,66.7,2,medium,0
11.016858,76.182689,41.4,127.7,233.18,31.0,2,medium,0
11.152545,76.160811,3.8,8.58,14.26,23.5,4,medium,1
11.116456,76.025793,10.52,22.88,65.26,66.8,1,medium,0
11.059996,76.003949,15.2,21.95,54.28,28.3,2,high,1
11.032076,76.106624,0.14,0.59,1.0,67.2,2,low,0
11.133095,75.947912,16.81,31.49,37.96,61.2,0,medium,0
10.911634,76.07278,15.95,42.78,135.7,24.1,0,medium,0
11.133375,76.005393,6.41,14.21,17.73,42.3,1,medium,0
11.077255,76.049655,5.31,17.2,21.66,23.7,4,high,0
11.030893,76.018492,15.86,56.61,73.38,36.5,1,medium,0
11.110195,76.006131,27.55,85.61,168.64,37.6,1,medium,1
11.039116,76.206384,35.47,150.54,264.12,50.0,1,medium,1
11.072321,76.132443,3.3,9.75,18.67,68.8,1,medium,0
11.0663,75.951611,44.88,82.33,100.26,28.5,2,low,1
11.129562,75.999935,8.7,16.54,28.19,36.5,3,medium,0
11.082735,76.138596,0.23,0.47,1.38,49.4,2,medium,0
10.91727,76.147495,20.16,100.71,223.44,28.6,0,high,1
10.958632,75.959193,0.14,0.52,0.94,55.5,1,medium,0
10.983267,76.125888,34.59,55.66,67.51,40.2,4,medium,1
11.106524,76.091202,26.03,77.5,126.44,67.5,2,high,1
11.114548,75.914666,9.08,13.84,20.27,51.5,2,high,0
11.203629,76.037744,16.0,25.1,71.99,38.2,1,medium,0
10.988846,76.059107,16.22,58.45,74.7,56.0,0,low,0
11.17474,76.073879,9.07,13.97,23.43,61.9,1,medium,0
10.91497,75.964353,62.28,121.19,150.24,60.0,1,medium,0
11.071421,76.008959,34.09,66.17,121.41,33.1,3,medium,0
11.089616,76.020165,23.23,37.1,54.9,40.8,0,low,0
11.089327,76.027146,73.57,182.76,326.97,42.6,3,medium,1
11.045232,76.02848,4.82,8.49,22.44,39.4,4,medium,0
11.079432,76.059389,17.48,32.74,72.82,35.5,3,medium,0
10.971182,76.094771,12.15,20.74,61.53,57.6,2,low,0
11.139213,76.211938,3.88,7.32,13.5,20.6,1,medium,1
11.089983,76.139671,27.87,116.1,176.68,34.7,0,medium,1
11.098979,76.175349,26.41,76.24,175.66,27.1,2,low,0
11.047679,76.03154,47.77,71.3,125.14,26.4,1,medium,1
11.043762,75.989686,9.89,31.73,57.43,33.8,1,low,0
11.111978,76.134114,41.4,94.93,159.97,58.1,1,medium,1
11.197198,76.068703,7.09,18.73,46.65,68.5,2,medium,0
10.95851,76.128425,9.6,39.46,66.47,45.7,1,medium,1
10.954474,75.999416,29.09,100.09,200.06,36.9,3,medium,1
11.091296,76.121886,1.89,5.5,12.03,61.5,7,low,0
11.043424,76.05598,13.2,30.57,49.13,23.4,2,low,0
11.079928,76.033128,4.16,6.53,17.12,24.7,2,high,0
11.068097,76.04066,73.17,159.83,200.95,37.3,2,medium,0
11.119761,76.109235,1.1,2.1,2.58,42.4,3,high,1
11.047107,76.131931,6.17,14.93,22.51,59.9,4,high,1
10.973343,76.040687,2.25,3.54,7.59,66.3,2,high,0
11.006812,76.097545,14.15,26.64,41.35,46.6,4,medium,0
11.057164,76.097265,3.01,12.25,19.42,44.8,4,low,0
10.969602,76.129067,10.34,23.57,45.75,30.7,2,high,0
11.067052,76.148953,5.85,9.54,20.82,42.6,2,low,0
11.07486,76.214898,10.03,17.7,45.07,66.2,1,medium,0
11.041376,76.032786,5.21,7.98,19.01,39.6,0,high,1
11.086738,76.186801,2.72,8.66,13.13,30.5,4,medium,0
10.940858,76.079366,93.92,136.4,173.26,36.9,0,low,0
10.993745,75.982416,1.43,4.19,8.18,45.7,3,medium,0
10.978584,76.017961,0.75,3.33,9.07,49.9,1,high,0
11.140389,76.107277,48.76,108.88,354.6,41.6,1,high,1
11.254493,76.127901,2.46,9.65,18.44,57.9,1,medium,0
10.999534,75.988699,4.47,8.26,19.31,49.2,1,high,0
11.051181,76.008889,2.3,3.53,7.4,53.3,0,low,0
11.014526,76.027351,3.8,5.76,13.3,63.1,3,medium,1
11.087698,76.000931,2.63,5.21,7.84,63.3,0,medium,0
11.021327,75.919593,31.15,66.61,102.29,30.2,3,low,0
11.092622,75.892455,7.48,10.73,13.38,51.2,5,medium,0
11.123202,76.039455,8.28,16.91,24.69,55.8,1,low,0
10.972094,76.090166,25.29,38.11,97.54,27.3,3,medium,1
11.091721,76.122447,2.85,4.33,6.06,62.1,2,low,0
10.926476,75.961013,0.84,2.43,6.08,29.0,0,medium,0
11.049477,75.962373,8.11,39.22,64.59,60.0,4,high,1
11.044106,76.027766,1.83,4.37,12.76,28.1,0,low,0
11.051669,76.070267,1.98,3.14,9.62,57.1,3,low,0
11.045035,76.150703,23.06,37.31,67.19,27.4,2,low,0
11.030406,76.127418,41.93,83.55,233.55,38.9,1,high,1
11.048737,76.040574,1.28,4.6,9.81,27.2,1,medium,0
11.089051,76.098812,10.21,40.24,82.73,33.5,3,medium,0
11.091301,76.002517,1.46,2.15,2.97,69.2,2,low,0
11.079216,76.075948,0.68,1.65,3.42,25.4,2,medium,0
11.024112,76.065006,2.6,4.96,8.67,40.3,1,medium,0
11.156427,76.182344,24.24,37.12,51.2,53.8,3,medium,0
11.192028,76.109484,0.0,0.01,0.02,24.7,2,medium,1
10.966927,76.008337,76.91,159.08,214.19,25.5,0,high,1
11.083142,76.009156,31.42,70.78,93.44,27.2,0,low,0
11.032549,76.043353,18.04,31.79,37.67,52.2,0,medium,0
11.144048,75.944843,0.85,2.26,4.15,65.5,1,low,0
11.830613,75.424424,4.29,7.28,18.14,29.4,2,medium,0
11.878756,75.364007,5.99,11.34,17.09,24.3,1,low,0
11.901383,75.460754,2.66,9.25,24.98,22.2,1,medium,0
11.767726,75.390857,101.89,181.89,323.1,30.9,5,low,1
11.971125,75.450932,4.48,9.23,15.69,16.5,0,low,0
11.904227,75.312334,0.51,0.91,2.88,31.2,3,high,0
11.801312,75.271782,1.45,3.07,9.07,19.9,2,medium,0
11.842706,75.342797,3.24,4.77,6.27,8.1,2,medium,0
11.989536,75.262284,5.02,9.77,21.34,27.8,1,low,0
11.903268,75.402746,62.15,127.65,260.31,31.7,0,medium,1
11.79281,75.208664,20.98,33.76,51.76,21.1,4,medium,0
11.80732,75.333782,28.95,74.29,176.31,20.3,0,medium,1
11.919983,75.347123,23.67,66.13,162.85,29.7,1,medium,0
11.929584,75.286269,15.49,34.3,64.49,31.9,1,medium,1
11.899029,75.345492,14.72,29.9,89.93,34.3,0,low,0
11.846683,75.370342,19.31,62.25,77.39,17.3,2,medium,1
11.934775,75.471539,1.39,2.56,3.14,24.1,3,high,0
11.845049,75.286741,50.18,83.47,152.73,30.2,1,medium,1
11.801625,75.398587,9.24,18.9,45.54,22.4,0,low,0
11.996929,75.414461,0.76,1.64,2.94,20.5,4,medium,0
11.909104,75.368307,7.64,21.99,61.95,23.4,5,medium,0
11.807217,75.330157,1.65,2.52,4.86,17.6,3,low,0
11.88074,75.278881,10.7,18.54,54.45,13.2,1,medium,1
11.872184,75.521885,46.32,105.23,152.86,9.8,3,high,1
11.842007,75.375811,3.64,6.87,15.2,24.5,2,medium,0
11.888684,75.344756,5.37,14.57,24.84,18.2,1,low,0
11.795718,75.539724,18.25,79.37,258.15,31.8,5,medium,1
11.939891,75.387783,1.39,4.59,7.8,14.0,0,low,0
11.869507,75.57348,0.36,1.52,5.03,16.4,3,low,0
11.741244,75.256694,46.98,103.45,127.9,34.2,3,low,1
11.851748,75.351029,48.39,94.7,164.51,23.0,3,low,1
11.820731,75.260398,3.28,8.4,23.67,17.4,2,high,1
11.630767,75.36023,5.51,11.85,24.3,31.2,3,medium,0
11.857535,75.359847,10.33,42.55,130.79,28.1,3,medium,0
11.952942,75.333357,5.24,8.96,15.13,23.5,3,high,1
11.861375,75.374311,4.3,19.86,54.08,32.0,4,medium,0
11.926652,75.337256,3.38,6.53,11.65,10.5,2,medium,0
11.87068,75.36117,6.36,15.26,32.61,18.7,2,low,0
11.83349,75.309537,0.34,1.18,1.64,29.9,3,medium,0
11.811472,75.485426,12.22,26.47,46.83,18.4,8,medium,1
11.767376,75.2813,2.11,3.57,4.65,33.0,0,medium,0
11.944061,75.386989,7.37,18.13,22.17,12.1,2,medium,0
11.92846,75.274588,6.09,15.87,19.04,17.1,2,low,0
11.847737,75.303204,1.86,6.85,15.46,19.5,4,medium,1
11.708059,75.311739,28.72,57.76,79.98,26.5,2,low,0
11.907767,75.359458,46.61,75.92,140.34,13.3,0,medium,1
11.797618,75.384034,36.02,74.93,140.21,8.3,2,low,0
11.881511,75.281462,10.32,36.51,46.96,34.4,4,medium,0
11.7467,75.336919,3.32,6.25,16.44,32.3,0,medium,0
11.87736,75.290708,2.6,12.07,21.45,16.1,2,medium,0
11.859495,75.287175,7.34,11.86,18.95,21.1,2,low,0
11.677223,75.460685,27.72,41.95,124.71,21.2,4,medium,1
11.999437,75.258641,2.53,5.08,6.56,31.5,5,low,1
11.843944,75.375975,80.62,125.79,266.01,24.1,0,medium,1
11.849258,75.505846,27.93,115.27,174.33,30.3,3,low,1
11.912774,75.466493,83.41,265.5,327.6,32.6,5,medium,1
11.865947,75.404029,6.58,18.34,26.35,23.3,6,low,0
11.899118,75.3687,29.62,50.5,64.15,15.7,1,high,1
11.778449,75.428931,0.64,1.44,4.26,21.5,0,medium,0
11.858625,75.399552,11.44,30.58,53.56,31.0,2,low,0
11.717255,75.48381,55.41,198.57,325.17,23.8,2,low,1
11.850988,75.359302,5.77,9.53,14.03,32.2,2,medium,0
11.985605,75.450088,0.77,3.68,10.1,32.2,5,high,0
11.749521,75.343942,1.96,5.31,8.03,18.1,1,low,0
11.84194,75.52148,28.71,89.34,234.92,20.1,1,medium,0
11.700085,75.357052,1.87,7.06,20.94,26.3,3,medium,0
11.870636,75.240485,25.8,90.21,161.63,11.0,3,high,1
11.907294,75.376216,5.8,12.97,20.58,20.6,3,high,0
11.900678,75.431168,35.76,86.57,104.69,12.0,2,high,1
11.821851,75.500294,20.41,44.44,64.95,30.9,3,low,0
11.698466,75.290308,0.32,0.57,0.92,33.5,2,medium,0
11.770675,75.230446,9.54,14.77,35.32,11.8,2,low,1
11.970518,75.409737,12.83,49.5,129.02,26.0,6,medium,0
11.940318,75.407262,6.94,28.74,45.34,25.2,2,medium,1
11.862693,75.257114,4.66,12.93,30.59,28.5,2,medium,0
11.882983,75.343632,0.34,0.72,1.04,26.8,3,medium,0
11.78779,75.34722,26.31,105.26,290.01,13.9,1,high,1
11.973251,75.43585,2.13,3.82,7.84,15.9,3,high,0
11.812468,75.336904,0.14,0.29,0.4,12.5,4,medium,1
11.904982,75.335159,4.68,8.16,10.77,32.9,6,medium,0
11.763768,75.37917,1.42,3.76,7.67,22.1,5,low,0
11.855743,75.259751,2.39,5.96,14.42,34.4,1,medium,0
11.969875,75.522063,35.7,59.12,71.49,20.1,1,medium,1
11.794245,75.444725,9.68,29.03,40.39,22.9,2,medium,1
11.929949,75.313856,7.25,18.54,24.93,29.3,2,high,1
11.783539,75.280589,0.19,0.91,2.15,29.5,3,medium,0
11.797847,75.286787,21.47,44.95,84.27,14.2,2,high,1
11.869282,75.416939,31.65,50.58,149.86,15.8,2,medium,1
11.947731,75.28917,1.44,6.74,18.72,10.6,1,low,0
11.846145,75.350054,9.86,19.45,46.14,29.7,2,medium,0
11.919486,75.234734,2.08,3.34,7.15,29.4,2,medium,1
11.961531,75.413301,60.06,134.37,158.37,10.2,1,medium,1
11.808308,75.4163,66.8,187.38,352.12,15.0,4,low,1
11.747987,75.355234,11.82,16.92,24.75,20.1,1,medium,0
11.841559,75.385485,26.25,112.93,141.62,22.6,4,low,0
11.971847,75.433659,2.46,8.05,18.5,22.1,1,high,0
11.804987,75.383334,5.01,7.8,20.56,34.5,2,high,0
11.951196,75.432468,9.82,28.17,64.94,28.6,3,medium,0
11.849,75.276562,11.9,19.5,24.83,11.1,4,low,0
12.010497,75.400296,39.1,106.64,160.1,15.9,0,medium,1
12.049634,75.385476,19.31,31.87,58.13,17.3,4,medium,1
11.952517,75.466159,101.01,186.08,247.72,16.5,3,high,1
11.738272,75.37243,2.79,6.43,14.95,29.2,5,low,0
11.677742,75.362211,13.74,29.78,69.02,17.7,2,medium,0
11.874894,75.325429,1.35,4.67,7.64,21.3,3,medium,0
11.942532,75.489298,0.15,0.56,0.77,22.4,5,low,0
11.910081,75.181505,10.23,18.31,41.36,15.3,1,low,0
11.812113,75.410894,45.61,73.06,175.82,16.7,3,medium,1
11.751121,75.368369,6.24,11.13,19.85,29.1,1,medium,0
11.944383,75.355311,52.43,79.88,213.69,31.4,2,high,1
12.018688,75.343654,11.75,18.21,25.6,9.0,1,high,0
11.816396,75.365532,52.84,89.7,145.26,24.3,2,medium,0
11.936017,75.408284,107.35,165.39,284.22,25.1,0,medium,1
12.078235,75.306397,6.45,22.73,29.15,27.9,2,low,0
11.854822,75.380802,9.6,16.98,24.15,26.7,4,high,1
11.856441,75.398061,30.83,53.44,139.87,31.7,2,medium,0
11.914779,75.2937,21.1,76.18,143.41,10.1,0,medium,0
11.847252,75.41031,6.66,10.17,21.34,18.5,0,high,0
11.977139,75.398714,1.28,6.25,8.43,29.1,4,low,0
11.837679,75.306083,4.05,9.71,13.96,30.9,1,medium,0
11.867516,75.274954,1.7,8.06,14.4,15.1,1,medium,0
11.754604,75.305031,61.38,132.96,176.57,23.8,5,low,1
11.851153,75.38083,0.7,1.73,3.29,12.9,3,low,0
11.789394,75.363925,58.71,114.77,154.69,31.0,0,medium,0
11.897685,75.481514,25.08,43.01,135.39,27.7,2,medium,1
11.736861,75.34063,35.79,61.25,163.76,14.0,2,medium,1
11.948391,75.298872,8.35,14.89,20.8,24.8,0,high,1
11.800306,75.422562,2.33,9.29,25.6,21.8,2,medium,0
12.01273,75.291598,62.49,152.9,226.16,15.0,4,medium,1
11.979661,75.306733,1.92,3.16,4.52,32.1,6,low,0
11.912852,75.30778,4.04,7.67,11.54,12.0,2,low,0
11.746961,75.130212,68.94,127.55,170.06,20.6,2,medium,1
11.819769,75.415349,4.6,14.68,25.25,23.7,2,medium,0
11.798297,75.445198,14.21,39.2,49.41,30.2,3,medium,1
11.80831,75.443335,141.03,208.04,339.26,12.1,2,medium,1
11.996143,75.520834,62.22,99.79,172.25,24.4,0,medium,1
11.857788,75.490562,2.69,9.53,16.43,8.2,3,medium,0
11.817371,75.343283,7.85,16.63,20.74,30.2,1,medium,0
11.810167,75.458739,1.57,3.52,8.1,14.3,0,low,0
11.827453,75.362189,2.06,4.88,7.15,27.5,1,high,0
11.91261,75.335922,0.23,0.53,1.23,24.3,2,medium,1
11.739833,75.309554,2.3,4.41,12.58,9.4,3,low,0
11.877854,75.34859,69.25,101.31,122.86,12.9,4,medium,1
11.903884,75.396318,2.2,3.45,9.3,15.2,2,high,1
11.731171,75.496491,13.24,20.77,30.67,31.9,1,medium,0
11.756598,75.428292,29.21,52.94,99.23,21.0,5,medium,0
11.866183,75.308295,5.59,26.75,35.18,32.7,1,medium,0
11.985279,75.28647,22.0,52.36,72.2,9.3,3,medium,1
11.966218,75.415484,4.17,9.16,24.16,8.2,2,medium,0
11.821322,75.44219,26.09,42.0,75.36,33.6,2,medium,0
11.982743,75.468198,0.89,1.34,4.26,27.5,4,medium,0
11.84443,75.3485,38.43,90.26,168.32,29.1,1,low,1
11.843743,75.40756,18.96,54.14,79.03,32.7,1,low,0
11.877521,75.438466,3.72,10.09,23.59,34.6,3,high,1
11.937157,75.261915,90.62,185.2,248.41,10.6,1,high,1
11.82128,75.392222,14.62,43.32,131.56,12.3,0,medium,1
11.838156,75.442348,13.21,20.16,63.19,13.1,4,medium,0
11.770147,75.410831,0.79,1.92,6.1,30.1,0,low,0
11.898082,75.363548,27.0,38.85,85.57,17.6,5,medium,1
11.944667,75.578796,2.87,11.28,20.25,24.0,1,medium,1
11.94957,75.524441,2.6,8.84,24.62,31.1,1,medium,0
11.760674,75.370752,55.74,122.29,144.17,26.4,2,medium,1
11.839368,75.354822,87.11,137.36,161.65,9.8,3,medium,1
11.969637,75.426022,5.2,13.79,23.53,20.0,2,medium,0
11.888574,75.365398,2.17,3.5,5.71,9.8,3,high,1
11.872728,75.471723,37.36,90.52,111.79,20.9,1,high,0
11.870843,75.26862,2.48,3.96,5.48,13.9,4,medium,1
11.913317,75.350744,0.21,0.61,1.54,8.0,4,low,0
11.892873,75.42482,5.87,13.47,18.31,30.0,3,high,1
11.823969,75.4503,4.68,13.79,32.28,34.2,3,low,0
11.940485,75.251527,4.89,15.9,29.64,34.0,3,medium,0
11.773769,75.293675,27.4,66.73,112.55,16.1,3,high,1
11.97577,75.235899,0.39,1.05,1.51,30.4,1,low,0
11.798324,75.300146,21.31,35.91,93.85,26.3,1,medium,0
11.913831,75.267823,16.15,28.15,82.34,29.6,3,medium,1
11.856819,75.41313,6.46,17.03,21.93,30.8,2,medium,0
11.83189,75.38832,10.24,14.71,19.49,34.5,1,high,1
11.978606,75.357694,135.15,196.74,334.71,12.1,0,high,1
11.929432,75.372088,9.5,14.42,21.71,28.8,2,medium,0
11.865284,75.465539,24.78,50.24,72.23,27.8,2,low,0
12.009614,75.286618,7.84,19.3,34.33,15.8,6,high,1
11.94838,75.215584,26.68,74.83,169.5,18.6,3,medium,1
11.805562,75.426841,6.01,28.95,51.25,12.8,3,low,0
11.689172,75.338723,14.14,27.41,33.31,32.7,3,medium,0
11.878549,75.288525,52.16,109.45,143.86,31.7,5,low,1
11.98068,75.414321,68.39,132.82,238.86,24.6,1,low,0
11.918852,75.212588,5.65,11.59,27.32,21.8,3,medium,1
11.995917,75.301393,6.14,22.84,28.93,14.3,3,medium,0
11.822135,75.178907,42.61,77.79,119.49,29.3,4,medium,1
11.860622,75.390728,32.15,84.55,161.78,8.2,3,medium,1
11.862565,75.495895,1.29,2.81,7.78,20.5,2,high,1
11.889298,75.324146,17.29,45.17,63.31,31.2,2,medium,0
11.931395,75.306676,0.14,0.66,1.39,24.7,3,medium,0
12.00059,75.512764,18.07,28.31,44.69,25.1,2,medium,1
12.017416,75.420195,14.87,54.2,88.38,9.9,3,medium,1
12.003326,75.560435,7.26,14.78,21.59,15.7,1,medium,0
11.923526,75.382864,9.25,14.41,24.2,26.2,2,medium,0
11.842622,75.388131,1.64,5.26,8.14,9.3,0,low,0
11.888072,75.485586,25.04,61.67,178.83,16.9,4,medium,0
11.922419,75.35811,16.21,41.7,62.62,17.6,4,low,1
11.880805,75.389776,0.0,0.01,0.03,21.5,2,medium,0
11.796896,75.176296,2.58,6.26,12.13,17.8,2,low,0
11.83301,75.509016,17.07,38.82,66.71,20.3,3,medium,0
11.939443,75.40127,7.47,35.04,51.69,22.8,0,medium,0
11.85028,75.36141,16.51,37.19,52.5,11.5,3,high,1
11.871934,75.442588,8.05,32.59,47.38,12.9,2,medium,1
11.863726,75.275483,10.19,15.77,44.75,30.5,1,low,1
11.798624,75.32589,7.1,13.52,26.37,20.4,3,high,1
11.856298,75.414267,14.55,63.74,140.28,17.6,4,medium,1
11.833375,75.373522,49.53,80.73,155.51,19.7,2,low,0
11.814655,75.405731,4.93,12.95,19.75,12.7,2,medium,0
11.785335,75.389944,7.14,22.84,56.23,14.5,3,low,0
11.861952,75.420443,1.61,4.92,8.53,21.9,1,medium,0
11.919454,75.264336,0.22,0.44,0.57,17.7,1,high,0
11.959646,75.472252,11.8,49.0,69.79,20.8,3,medium,1
11.758468,75.331289,7.45,32.47,46.45,12.0,1,medium,1
11.998512,75.374619,54.41,105.91,138.12,12.2,1,low,0
11.893436,75.321938,1.75,2.53,4.86,18.4,0,medium,0
11.779838,75.347008,1.13,2.55,3.55,18.2,4,high,1
11.837704,75.388328,0.29,0.72,2.17,31.8,2,medium,0
11.719809,75.428813,14.48,21.5,64.94,8.9,5,medium,1
11.740259,75.442098,22.09,68.94,142.88,34.8,1,medium,1
12.007714,75.404601,7.33,22.89,56.06,33.8,4,low,1
11.814056,75.322336,27.1,41.53,70.97,22.6,1,high,1
11.912951,75.399556,0.83,1.59,3.97,27.4,2,low,0
11.861105,75.389223,6.36,28.04,33.51,33.3,6,medium,0
11.871425,75.374725,14.22,26.48,34.47,14.8,5,high,1
11.899442,75.412738,5.43,8.89,10.58,16.5,1,medium,0
11.703278,75.267939,41.83,124.14,166.79,11.0,1,high,1
11.975483,75.207846,7.1,18.14,22.04,23.2,2,medium,0
11.862103,75.4652,8.19,27.4,54.53,12.3,2,medium,0
11.829658,75.35949,4.88,9.44,16.45,33.1,1,high,0
11.907441,75.403274,78.5,147.53,341.6,19.7,0,high,1
11.81231,75.300595,2.38,10.14,15.61,32.8,4,medium,0
11.886657,75.470978,2.27,4.21,5.74,13.5,4,medium,0
11.856768,75.398006,93.27,176.25,306.88,26.7,1,medium,0
11.926881,75.355639,1.94,8.91,19.25,25.5,1,medium,0
11.852884,75.392863,15.71,32.88,56.77,18.8,2,low,0
11.787598,75.230664,1.16,2.29,6.84,32.3,5,medium,0
11.898987,75.39985,13.01,31.34,45.0,19.7,0,high,0
11.848351,75.488946,17.32,26.61,48.53,13.4,1,medium,0
11.72432,75.395222,9.33,25.62,32.26,34.4,1,high,0
11.885813,75.384891,2.13,9.13,11.31,19.9,0,medium,0
11.827004,75.344638,18.18,33.92,91.93,13.6,3,medium,1
11.897661,75.456621,21.3,42.37,49.97,17.8,4,low,0
11.801596,75.468481,15.94,22.95,27.54,24.6,2,medium,0
11.773489,75.335444,4.83,15.29,23.71,21.8,1,high,1
11.96441,75.398692,67.28,169.15,224.34,25.1,2,high,0
11.937452,75.388577,16.56,38.47,124.04,25.9,3,medium,1
11.869474,75.402142,0.43,0.68,0.82,11.3,1,medium,0
11.905021,75.308182,21.37,52.47,95.24,16.5,3,medium,0
11.934833,75.461422,8.13,13.87,17.33,28.2,0,low,0
11.869185,75.415217,12.36,44.39,86.74,25.6,3,medium,1
11.773319,75.466192,4.66,11.52,15.7,10.4,2,medium,1
11.893958,75.280772,0.01,0.03,0.05,16.5,1,medium,0
11.950178,75.285473,3.92,5.81,11.63,33.1,2,medium,0
11.917455,75.534752,14.48,50.12,61.07,31.3,0,medium,0
11.874744,75.46177,6.49,15.85,23.16,26.1,4,low,0
11.915223,75.304793,2.26,9.39,12.32,10.0,1,medium,0
11.85214,75.439452,26.52,40.14,67.03,24.4,1,medium,1
11.953534,75.332735,8.27,16.15,20.06,8.3,3,medium,0
11.977774,75.234103,3.56,5.23,7.39,25.9,2,high,1
11.766305,75.20198,12.53,56.68,166.85,27.7,3,medium,1
11.959275,75.368241,29.51,102.66,142.23,21.4,3,medium,1
12.048983,75.494864,3.66,9.37,30.21,8.1,2,high,1
11.912047,75.491711,27.78,54.4,71.96,26.0,0,low,0
11.948701,75.470812,0.78,2.13,4.42,30.1,1,high,0
11.818232,75.436401,43.5,78.25,124.39,23.8,0,medium,1
11.829703,75.395389,2.35,8.3,11.66,27.1,0,low,0
11.853239,75.462157,5.09,10.17,15.63,10.4,2,medium,0
11.837804,75.209129,4.44,11.13,16.62,27.3,5,high,0
11.765054,75.449183,13.16,28.99,36.65,24.6,0,medium,0
11.856187,75.28032,10.45,21.55,42.62,16.9,3,medium,1
11.936911,75.296982,12.46,54.19,90.18,26.5,3,low,0
11.766118,75.425668,0.83,1.25,3.15,25.4,6,low,1
11.884331,75.444298,53.41,90.05,161.63,24.2,1,medium,1
11.881876,75.321223,10.08,23.92,62.54,12.9,2,medium,0
11.845895,75.421695,3.4,7.18,11.07,16.0,0,high,0
11.909722,75.415035,3.08,14.25,29.8,34.8,2,medium,0
11.902213,75.345148,42.4,94.43,122.24,19.7,2,medium,0
11.840205,75.382308,1.49,3.6,7.36,9.6,2,low,0
11.954871,75.536471,3.45,8.9,19.45,32.3,3,low,0
11.914849,75.347475,29.5,48.55,85.15,12.7,3,low,1
11.995878,75.350233,1.3,4.47,11.28,18.9,2,medium,0
11.864686,75.382001,34.01,118.04,286.45,15.5,2,low,1
11.844259,75.355364,60.11,130.44,178.5,34.0,3,high,1
11.853323,75.43324,9.19,16.91,29.48,18.2,4,medium,0
11.964265,75.48754,0.25,1.18,2.85,27.1,1,high,0
11.858104,75.350267,3.71,7.84,24.7,24.2,0,medium,0
11.862988,75.301457,8.8,25.2,45.28,9.2,2,medium,0
12.026878,75.527993,7.62,13.17,18.59,18.4,1,medium,0
11.762442,75.379585,4.2,9.66,19.59,18.5,4,high,0
11.898546,75.233638,2.12,3.43,7.86,34.7,2,medium,0
11.865084,75.518982,1.11,2.78,5.36,29.9,1,medium,0
11.849951,75.460095,3.5,5.71,6.9,31.1,0,medium,1
11.793731,75.498107,5.68,10.18,19.11,16.5,2,low,0
11.816886,75.48474,44.39,72.29,163.25,16.9,0,medium,1
11.837353,75.581599,22.29,36.77,59.98,21.9,4,high,1
11.909659,75.287045,85.76,193.5,259.42,25.0,4,low,1
11.938195,75.306348,0.79,2.05,6.56,27.7,2,medium,1
11.727695,75.330619,42.31,72.62,119.65,30.2,1,medium,1
11.773875,75.328332,20.47,53.75,70.73,31.6,1,high,0
11.913831,75.379836,6.98,28.53,68.16,8.7,2,low,0
11.920581,75.330808,20.91,33.22,41.17,29.5,1,low,0
11.752907,75.274836,26.95,67.6,109.43,24.5,2,low,1
11.939943,75.300045,3.03,11.39,19.5,22.4,1,low,0
11.868882,75.3465,4.63,8.85,10.66,25.0,1,medium,0
11.929766,75.461544,3.43,5.32,14.32,31.8,0,low,0
11.801861,75.323975,4.71,7.47,10.56,22.7,3,medium,1
11.758798,75.434797,13.29,27.85,37.12,12.4,2,high,1
11.845308,75.264298,4.78,19.59,34.44,19.8,0,low,1
11.848858,75.114088,5.32,9.71,31.98,33.0,2,low,0
11.844386,75.359346,0.08,0.17,0.29,30.0,1,high,0
11.838784,75.321199,4.58,15.0,39.03,13.5,3,medium,0
12.005431,75.299461,1.7,2.61,4.29,27.3,3,low,0
11.734015,75.290092,1.11,4.55,6.45,14.9,0,medium,0
11.80241,75.313399,6.59,17.05,28.79,17.4,1,high,1
11.836513,75.291012,6.73,27.22,42.08,20.7,4,low,1
11.871919,75.298261,11.95,18.21,51.0,19.9,2,medium,0
11.926881,75.261292,1.82,8.34,23.61,8.8,2,low,0
11.939229,75.199648,35.34,85.59,111.44,28.9,1,medium,0
11.956122,75.193247,16.15,25.6,78.26,30.9,1,high,0
11.908516,75.566887,6.41,19.68,43.12,22.3,3,low,0
11.731598,75.36494,67.38,266.83,327.1,12.7,1,medium,1
11.736851,75.491963,1.24,4.7,8.5,14.7,0,medium,0
11.961783,75.355793,10.69,26.56,39.59,11.4,2,medium,1
11.95661,75.358458,29.98,72.36,171.49,12.6,3,low,1
11.920882,75.394534,10.0,17.89,39.86,31.7,2,medium,0
11.804378,75.421206,13.6,42.63,73.51,21.0,2,medium,1
11.844198,75.270266,7.47,13.55,20.82,11.0,2,low,1
11.838091,75.339618,9.91,14.17,17.11,14.9,2,medium,1
11.788021,75.394383,5.82,9.21,14.96,33.6,3,high,0
11.890724,75.215318,6.62,12.78,36.24,21.8,5,medium,1
12.042438,75.473787,6.14,9.16,18.26,21.9,1,medium,0
11.83035,75.455021,2.62,3.77,8.68,22.2,5,medium,1
11.973742,75.201858,10.52,21.68,49.28,11.0,3,low,0
11.799173,75.29968,5.88,17.46,30.2,34.2,2,medium,0
11.747067,75.378388,12.41,18.88,39.81,10.3,1,medium,0
11.949,75.437347,37.29,59.94,130.56,26.9,2,medium,0
11.852495,75.49209,9.76,40.29,48.4,9.6,3,medium,0
11.9717,75.319013,3.56,5.33,8.59,20.0,6,high,1
11.987671,75.557054,8.27,21.58,48.6,32.3,2,low,0
11.847727,75.366099,3.04,8.41,18.62,28.7,1,medium,0
11.977441,75.35207,13.3,35.79,47.97,17.0,5,low,1
11.799916,75.414938,3.59,9.97,12.65,22.9,0,low,1
11.798656,75.394863,18.53,40.45,60.06,12.5,1,low,0
11.955782,75.390391,5.54,11.3,21.04,33.8,2,medium,0
11.746175,75.529693,3.92,9.49,13.17,27.1,0,low,0
11.869875,75.38979,7.85,19.33,23.7,18.1,3,medium,0
11.969972,75.291258,1.97,3.46,8.84,16.6,2,low,1
11.975343,75.30282,35.16,174.49,225.46,14.4,1,medium,1
11.835387,75.48781,157.39,233.7,304.76,29.2,3,medium,1
11.950738,75.424706,9.44,16.95,33.79,19.7,3,low,0
11.780166,75.245492,43.21,78.05,169.5,16.9,1,medium,1
11.81661,75.241558,29.02,70.62,115.59,32.4,3,medium,1
11.888433,75.372004,5.36,7.85,17.45,12.1,2,low,0
11.90022,75.419319,4.07,20.33,53.51,15.1,1,high,1
11.786182,75.315756,0.27,1.12,1.36,17.3,2,medium,0
12.018982,75.235586,20.75,34.47,60.45,15.0,3,high,1
11.719803,75.279986,6.29,11.05,19.75,23.8,3,low,0
11.874336,75.50166,22.09,65.8,178.16,24.2,1,medium,1
11.885673,75.409758,13.15,26.44,45.81,9.5,1,low,0
11.730243,75.450007,4.15,8.91,12.57,11.9,3,medium,1
11.97593,75.463199,33.76,72.82,166.86,13.4,4,medium,1
11.810762,75.31992,25.85,51.93,103.27,9.9,0,low,0
11.877876,75.340157,26.34,37.79,94.86,11.4,5,medium,1
11.896243,75.35656,30.56,44.06,88.96,14.5,7,low,0
11.753659,75.403335,39.51,57.19,73.91,17.3,3,high,1
11.784229,75.45716,1.38,2.91,6.76,29.4,1,medium,0
11.995042,75.519591,2.15,5.99,18.93,13.9,3,medium,0
11.864733,75.435144,3.21,6.69,11.24,26.1,5,high,1
11.654235,75.435727,1.9,3.72,6.01,9.6,3,low,0
11.845846,75.52413,3.91,10.98,22.83,25.8,5,medium,1
11.867368,75.353595,16.25,31.46,48.19,29.5,4,low,0
11.88755,75.46512,2.32,4.54,14.15,24.3,5,low,1
11.71009,75.416263,1.77,2.71,5.56,13.4,3,low,1
11.867655,75.419196,4.99,15.64,41.21,16.9,3,medium,0
11.803388,75.352838,4.37,7.97,18.69,29.7,2,medium,0
11.887683,75.258461,1.86,4.38,8.58,19.7,4,low,0
11.910507,75.397587,1.91,7.23,12.65,14.9,3,medium,1
11.902,75.397927,0.36,1.0,2.86,33.2,2,low,0
11.982318,75.323965,27.08,118.46,333.01,25.2,2,medium,1
12.045246,75.362261,14.93,41.5,61.88,29.8,3,medium,0
11.779312,75.299449,2.33,9.93,19.02,8.7,1,medium,0
11.839442,75.300127,1.17,1.77,4.45,17.2,2,medium,0
11.929445,75.331523,1.33,5.31,12.38,20.4,4,medium,0
11.859856,75.263725,11.17,18.36,26.38,23.9,0,medium,0
11.652177,75.323322,50.78,77.75,236.72,13.1,4,medium,1
11.854596,75.427099,10.67,24.58,42.4,21.4,2,low,0
11.968732,75.486489,7.99,35.21,70.68,26.5,2,low,0
11.758421,75.536035,9.22,18.52,24.82,17.3,2,medium,0
11.88764,75.337989,13.03,41.05,55.89,26.7,1,high,0
11.717411,75.466009,2.53,8.77,12.92,18.5,1,medium,0
11.939602,75.396894,2.72,5.63,11.0,20.7,0,low,0
11.889325,75.351012,6.34,16.77,25.91,11.6,3,low,1
11.824553,75.402176,7.37,13.04,20.0,25.6,2,medium,1
11.836564,75.45817,14.02,28.28,58.59,14.1,3,medium,0
11.750075,75.330136,143.06,232.74,296.87,30.4,0,low,1
11.950611,75.328294,3.9,17.02,20.23,22.9,2,medium,0
11.806052,75.337218,3.48,10.97,23.2,23.1,4,medium,0
11.910024,75.319858,3.49,7.21,9.74,32.6,3,medium,0
11.793047,75.465911,3.93,6.13,10.66,12.5,2,medium,1
12.045872,75.308892,24.84,40.94,73.76,22.3,0,medium,1
11.994773,75.322991,4.6,8.51,16.61,18.3,1,low,0
12.0359,75.394896,15.16,31.12,67.57,34.1,4,medium,0
12.045242,75.388426,14.99,29.07,36.08,29.4,2,high,0
11.819238,75.337212,1.72,5.61,7.93,28.5,2,high,0
11.799269,75.50469,12.03,24.18,44.58,13.5,3,low,1
12.032091,75.319549,34.52,77.24,108.28,14.4,1,medium,1
11.858714,75.356313,6.03,15.37,22.11,8.8,2,high,0
11.936657,75.21586,14.56,22.61,50.58,25.2,2,medium,1
11.820345,75.3456,17.73,28.85,72.68,18.0,1,low,0
11.821661,75.264163,7.44,31.21,41.07,16.4,4,high,0
11.936397,75.296699,0.48,0.69,0.93,25.2,0,medium,0
11.71241,75.213531,23.91,75.92,89.5,30.4,0,low,0
11.932654,75.2986,3.43,11.14,35.85,11.6,5,medium,1
11.911958,75.363995,6.42,9.55,16.0,32.8,1,low,0
11.827588,75.350465,9.86,23.35,34.05,8.9,2,low,0
11.871935,75.336818,43.02,71.38,115.06,10.6,4,medium,1
11.884468,75.344008,37.68,109.49,158.52,30.6,2,medium,0
11.888962,75.329601,48.39,76.02,202.46,21.3,5,high,1
11.925211,75.367232,0.37,0.61,2.01,33.4,1,medium,0
11.804801,75.361182,2.18,4.74,13.5,20.5,1,high,0
12.085818,75.391998,16.85,30.49,59.9,33.0,1,medium,0
11.853552,75.353923,7.47,10.95,22.77,14.5,3,medium,0
11.859544,75.335307,19.32,45.36,58.1,24.6,2,medium,1
12.025575,75.432258,3.66,8.18,23.65,34.9,2,medium,1
11.723676,75.41823,11.36,20.23,37.23,18.2,1,medium,0
12.02474,75.367406,13.68,34.8,42.09,8.0,3,medium,0
11.877477,75.465608,26.28,38.61,66.97,9.7,3,medium,1
11.827586,75.376612,1.66,7.56,20.28,31.2,2,medium,1
11.780428,75.357106,26.77,66.64,144.81,21.3,1,low,0
11.768472,75.364513,46.01,82.61,128.13,22.5,0,high,1
11.842654,75.383209,3.29,7.94,25.89,29.6,1,medium,1
11.892239,75.296624,10.71,32.48,39.02,29.9,2,medium,0
11.9198,75.22011,0.99,2.42,3.96,20.9,4,low,0
11.891281,75.392518,0.56,0.88,1.28,31.2,4,medium,0
11.829183,75.436723,5.28,11.15,19.4,20.6,2,high,0
11.977161,75.289923,26.98,73.41,88.79,26.2,2,low,0
12.083904,75.455846,2.99,5.58,8.94,8.9,1,medium,0
11.98957,75.238284,24.82,49.06,73.87,11.7,3,medium,1
11.841257,75.325297,3.8,7.91,10.23,31.0,2,medium,0
11.910166,75.506481,27.51,69.54,89.86,16.5,3,medium,1
11.915294,75.398475,1.28,5.44,17.24,17.0,1,medium,0
11.998294,75.345802,15.24,29.85,65.5,25.9,2,medium,0
11.842946,75.390183,18.62,45.42,104.31,24.0,3,medium,1
11.792807,75.465707,8.24,19.88,65.47,10.2,4,low,0
11.960708,75.254387,9.57,30.18,38.58,28.7,3,high,0
11.90251,75.475429,9.19,28.3,59.66,24.7,1,low,1
11.781299,75.330797,9.1,15.33,31.24,31.1,3,medium,0
11.926446,75.426671,1.67,3.79,10.7,22.5,0,low,0
12.01706,75.320862,2.8,10.99,13.01,19.2,7,high,0
11.814499,75.504698,10.3,46.22,61.26,18.0,4,high,1
11.79872,75.367507,57.01,182.52,297.01,8.1,3,medium,0
11.872405,75.263695,21.76,49.03,67.67,9.1,1,low,1
9.857239,77.019933,6.62,21.52,39.76,994.1,1,low,0
9.911153,76.936726,11.64,29.23,58.35,1088.8,3,low,0
9.755696,77.02386,10.43,42.88,89.19,1193.4,2,low,0
9.88011,76.98004,9.48,30.86,46.52,860.1,4,low,0
9.64521,76.951892,40.91,101.55,173.54,777.6,1,medium,0
9.873354,77.086096,5.72,23.13,41.31,883.0,2,high,0
9.847909,76.954349,0.85,1.37,3.86,709.7,2,low,0
9.842029,77.112554,11.65,21.66,32.31,904.4,0,low,0
9.818653,76.982642,31.84,81.32,116.34,1157.3,2,medium,0
9.842825,76.913456,4.07,14.79,36.26,797.2,2,low,0
9.875729,76.827538,9.88,33.27,46.35,938.9,1,medium,1
9.982855,77.075265,3.66,14.08,17.97,986.3,1,low,0
9.74718,77.056369,7.7,27.49,69.41,790.0,0,low,0
9.82817,77.043646,6.88,16.74,30.51,865.1,0,low,0
9.893269,77.082762,39.3,121.73,155.68,1155.7,1,low,1
9.845175,77.12376,11.01,17.14,30.17,847.9,1,medium,0
9.859932,76.808845,4.83,7.1,9.49,1017.7,2,low,0
9.80307,76.838412,17.09,31.33,74.83,768.5,0,low,0
9.91603,76.957509,0.35,0.58,1.72,1034.9,2,low,0
9.676211,77.058286,0.06,0.19,0.57,839.6,1,low,0
9.770585,77.003095,48.91,91.86,110.03,815.6,2,low,1
10.006437,77.00327,2.13,9.29,23.78,762.1,0,high,0
9.751691,76.944367,13.72,20.17,26.0,723.4,1,medium,1
9.780237,76.912303,55.78,104.24,220.09,1183.9,1,medium,1
9.786986,76.972216,1.74,4.86,15.08,907.0,1,low,0
9.80671,76.959641,1.48,2.53,5.84,1088.8,6,low,0
9.848456,76.94405,9.69,46.62,80.65,1160.0,1,low,0
9.936319,77.030324,0.18,0.47,1.31,802.0,4,low,0
9.888194,76.979205,69.92,107.93,133.71,1134.9,2,medium,1
9.831112,77.015384,3.7,11.17,14.05,1054.0,3,medium,0
9.98993,76.971064,30.43,56.99,149.18,989.0,2,low,0
9.816622,77.034908,0.88,2.32,3.29,1104.5,2,medium,0
9.854606,76.891651,27.95,70.55,127.48,755.3,4,low,1
9.859541,76.866858,66.48,116.03,138.1,831.8,1,low,0
9.91776,76.953054,7.82,11.94,36.12,765.5,2,low,0
9.757912,77.041162,20.99,74.06,132.47,1148.0,0,low,0
9.768096,76.951023,2.74,8.09,17.71,749.4,1,medium,1
9.925416,77.142717,7.69,17.33,24.77,1190.0,4,low,0
9.992783,76.898481,2.73,5.38,14.91,754.9,2,medium,0
9.820873,76.964506,19.06,43.93,68.06,1030.9,0,low,1
9.749065,76.83308,80.48,133.51,162.54,1030.2,1,high,0
9.754793,77.09823,23.12,39.58,72.01,1165.6,2,medium,0
9.932897,76.970364,13.54,33.62,61.15,861.6,1,medium,0
9.715075,76.791669,4.5,20.42,35.66,866.0,1,low,0
9.855106,76.954745,16.7,56.19,106.3,1123.1,1,low,0
9.835902,76.774155,38.12,85.95,157.39,1189.3,1,low,0
9.795966,77.077547,100.8,151.87,273.75,715.1,1,low,1
9.781331,76.907124,2.58,5.33,6.28,1017.7,2,low,0
9.905693,76.983244,2.78,5.98,16.42,821.8,3,medium,0
9.912192,76.920758,88.12,156.81,343.18,1064.0,3,low,1
9.943386,76.964003,12.93,46.82,112.56,1086.4,1,low,0
9.888747,77.044269,2.44,8.93,14.91,1081.3,1,medium,0
9.850606,76.947573,31.99,85.84,284.67,917.8,3,low,0
9.863061,77.02458,49.69,71.25,88.33,778.9,1,medium,0
9.929266,76.754946,0.85,1.34,2.26,992.4,3,low,0
9.713397,76.878156,72.1,133.51,168.39,1094.5,3,low,1
9.885517,76.984179,33.52,84.73,173.02,1156.1,3,low,0
9.803739,76.922513,4.13,8.65,22.61,926.3,0,low,0
9.880092,77.073908,6.4,18.19,44.83,822.8,2,low,0
9.767555,77.046956,69.58,129.54,231.77,759.4,0,low,0
9.918005,77.08907,9.51,23.23,72.11,1098.8,1,high,0
9.897006,76.987883,31.84,122.42,167.69,967.6,4,medium,0
9.793568,76.920523,4.63,15.06,20.5,1037.1,1,low,0
9.812635,77.028996,14.43,28.62,41.71,779.6,2,medium,0
9.80528,76.895624,6.93,12.66,15.97,703.3,1,high,0
9.854578,76.956771,2.8,11.3,18.76,1183.8,1,low,0
10.012382,77.012649,18.32,30.33,53.81,1105.4,0,high,0
9.704584,76.923579,50.01,81.69,138.21,900.0,1,high,1
9.876055,77.171101,14.12,25.14,62.83,928.6,2,medium,1
9.884462,77.03766,100.24,185.02,318.03,1164.5,1,low,0
9.807524,76.906458,6.99,22.12,37.0,803.8,1,low,0
9.716114,77.056652,4.64,7.04,9.77,1101.4,1,low,0
9.833918,77.110636,52.66,157.54,320.61,709.0,2,high,1
9.752595,76.859351,0.67,2.29,6.54,1137.9,1,low,0
9.894516,77.082382,55.86,107.58,171.14,994.6,1,medium,0
9.739442,76.879039,5.88,15.38,20.97,938.8,0,low,0
9.845994,76.979304,189.49,284.29,341.18,1053.2,1,low,1
9.788335,76.994,1.12,2.6,7.43,733.8,1,high,0
9.939358,76.927287,6.06,21.5,30.26,797.8,0,medium,0
9.975585,76.92703,12.79,18.85,30.03,903.5,2,low,0
9.821274,76.911522,1.96,4.29,13.9,1008.9,0,high,0
9.765913,76.936778,12.86,28.0,40.28,772.3,1,medium,0
9.983802,76.90047,0.81,2.07,6.59,889.7,3,high,1
9.839091,77.069044,44.49,71.98,98.35,830.4,1,low,0
9.875132,76.862362,67.36,195.9,281.18,1022.8,1,high,1
9.840296,77.123829,18.6,89.92,132.55,1159.6,2,medium,1
9.833551,76.969319,1.73,3.86,10.56,783.0,2,high,1
9.810572,76.812415,1.85,2.79,3.46,794.6,2,low,0
9.698879,77.041825,6.21,18.45,23.22,1000.3,3,low,0
9.991399,76.948933,12.29,36.89,46.4,926.8,2,medium,1
9.865838,76.884574,8.84,15.53,31.18,1059.1,3,low,0
9.84348,76.952697,26.46,45.02,78.89,843.9,1,medium,0
9.92425,76.918064,4.95,11.85,32.63,972.4,0,high,0
9.80524,77.082995,47.25,76.61,233.48,893.4,1,medium,1
9.879575,76.917547,5.37,18.78,56.5,840.6,2,low,0
9.788432,76.874047,17.29,45.07,73.55,1064.6,4,low,1
9.822399,76.923291,1.3,3.24,6.8,1097.9,1,low,0
9.896753,76.900599,4.35,12.22,19.75,864.5,0,medium,0
9.871991,77.066178,13.64,44.17,70.57,1011.5,1,low,0
9.823916,76.996094,13.14,35.61,44.58,789.3,1,low,0
9.908474,76.862674,1.04,4.97,6.33,1095.5,0,low,0
9.787822,76.895516,4.71,8.53,12.28,840.6,1,medium,1
9.776861,76.944378,9.11,16.82,22.42,785.5,1,low,0
9.813788,76.832593,0.04,0.08,0.27,1170.0,0,low,0
9.831566,76.89138,5.5,15.22,49.33,911.2,0,low,0
9.823405,77.005937,4.36,10.46,18.94,1021.7,1,low,0
9.815847,77.125166,6.62,9.91,15.03,1104.6,1,low,1
9.922293,76.832983,18.44,36.74,49.87,1043.1,1,low,0
9.970292,77.19813,16.27,28.76,52.68,982.3,0,low,1
9.839557,77.009992,14.39,45.73,55.96,885.8,1,low,0
9.897349,76.889245,10.94,44.22,59.1,1159.3,3,high,1
9.79119,77.102181,3.69,15.26,42.81,766.8,0,low,0
9.842426,77.013472,30.57,70.11,129.32,1142.0,1,high,1
9.887076,77.047674,18.3,32.77,38.68,1054.9,2,medium,0
9.782711,77.046028,22.89,38.99,74.2,985.7,3,medium,0
9.909994,77.066026,61.35,109.52,213.71,862.4,0,low,0
9.791832,76.879925,1.14,1.74,3.77,773.0,3,medium,0
9.931706,77.044564,4.93,21.82,38.44,921.6,2,medium,0
9.917966,76.984273,31.26,49.8,71.0,1091.9,0,low,0
9.939247,77.026472,24.94,47.02,144.18,1072.7,1,low,0
9.931907,76.925969,2.49,8.66,11.4,1022.7,2,low,0
10.004612,76.928249,10.07,18.62,23.13,1196.2,0,low,0
9.890596,76.933651,7.48,16.42,22.5,1186.3,2,low,0
9.734265,77.038498,35.73,94.16,117.17,900.0,1,high,1
9.860309,76.973266,6.07,18.73,53.18,796.3,0,medium,0
9.813387,76.936866,5.36,12.39,22.63,931.9,1,low,0
9.740817,76.953023,4.44,13.89,40.97,1122.3,1,low,0
9.952302,77.080059,1.87,7.75,10.19,929.3,1,low,0
9.825502,77.019527,10.18,16.33,19.83,868.0,0,low,0
9.730746,77.016669,13.8,27.79,59.93,1070.6,2,medium,0
9.798419,77.00131,6.23,16.31,27.43,1025.1,1,low,0
10.031204,77.065744,17.14,40.49,87.32,1184.3,2,low,0
9.95939,76.895379,21.64,34.22,67.31,974.6,2,low,0
9.908359,77.05088,37.5,104.19,185.35,1183.7,0,low,0
9.900462,76.986112,49.19,126.11,171.59,845.5,3,low,0
9.777728,76.905366,1.51,2.59,6.79,1132.4,2,medium,0
9.771702,76.978462,15.99,53.25,137.83,875.5,1,low,1
9.894642,76.95803,29.23,55.19,134.28,1104.8,2,medium,0
9.977077,77.007304,34.52,82.74,251.33,1163.0,1,medium,1
9.768685,77.052047,0.23,0.51,0.79,1011.6,3,low,0
9.842276,76.889627,22.85,38.51,95.21,1064.3,1,low,0
9.86874,77.117403,5.79,8.31,15.37,1179.3,1,medium,0
9.811483,76.845545,19.73,32.04,47.32,887.6,0,low,0
9.83593,76.920763,1.59,5.66,10.35,955.8,2,medium,0
9.767715,77.137679,21.25,68.06,85.26,1149.1,2,low,0
9.8747,76.861202,2.54,6.27,8.68,1036.4,0,medium,0
9.863782,76.93266,12.93,23.1,51.32,1136.8,1,low,0
9.899302,76.917742,4.88,10.74,28.88,1009.1,1,medium,0
9.833669,76.786427,0.86,1.32,1.67,1069.9,2,medium,0
9.907023,76.971186,5.76,25.7,49.58,706.5,0,low,0
9.877098,77.015516,8.92,27.08,53.06,869.8,0,low,0
9.948826,77.015273,8.74,28.24,37.88,1085.2,2,low,0
9.828803,76.932405,1.42,2.49,8.14,902.0,3,low,0
9.925423,76.821357,4.72,10.92,19.92,881.4,3,low,0
9.832065,76.92377,3.12,15.06,21.73,1175.8,1,medium,1
9.901324,76.90725,49.1,83.69,109.15,976.3,4,high,1
9.956289,76.999762,2.67,7.0,8.89,796.2,0,medium,0
9.943992,76.93371,3.81,11.54,20.76,936.1,3,low,0
9.833691,77.011121,5.44,18.65,24.35,959.3,0,medium,0
9.807948,76.824287,8.83,13.12,41.03,1194.4,1,low,0
9.927691,77.028604,6.19,9.23,19.72,1059.1,1,low,0
9.81372,77.018784,0.87,3.67,11.99,959.7,2,low,0
9.929189,76.889578,0.82,2.58,6.59,916.0,2,high,1
9.754396,76.919902,21.59,41.28,59.09,1157.7,1,low,0
9.8879,76.951462,20.0,37.37,123.57,1023.0,3,low,1
9.820541,77.063776,1.61,3.94,6.7,878.0,3,low,0
9.716725,76.953743,22.04,45.52,86.26,932.3,1,medium,0
9.788073,77.00414,4.39,7.97,21.67,839.1,1,low,0
9.819041,76.977123,10.04,14.87,21.97,1180.2,0,medium,0
10.003974,77.050226,0.72,1.28,1.87,1051.0,2,low,0
9.610349,76.990834,25.82,101.19,144.66,896.1,1,low,0
9.823364,76.878087,13.35,23.88,33.13,791.6,2,medium,0
9.822088,76.956701,1.79,7.65,16.16,788.5,2,low,0
9.772394,77.057894,8.67,19.21,22.69,938.9,1,medium,1
9.818951,77.003781,5.99,12.93,38.01,933.8,3,medium,0
9.838167,76.879996,3.36,5.71,8.7,908.9,3,medium,0
9.796404,77.120099,3.41,16.58,19.88,1125.9,1,medium,0
9.878589,76.929467,41.07,64.44,152.21,1189.6,2,medium,0
9.976539,77.052363,2.46,4.63,10.22,877.4,1,medium,0
9.846035,77.091399,8.97,41.59,67.43,847.3,0,high,0
9.795073,77.063216,4.7,16.79,23.01,1085.1,3,low,0
9.841207,76.908119,1.2,5.44,11.32,924.9,2,high,0
9.822165,77.066204,35.08,60.17,79.14,808.8,1,low,0
9.937741,76.998256,15.87,55.58,128.49,790.5,2,low,0
9.812861,76.873591,10.78,48.4,61.98,840.3,2,medium,0
9.888994,76.972683,4.25,15.81,36.0,700.7,2,low,0
9.873113,76.89966,9.2,19.17,29.97,1170.7,1,low,1
9.858537,77.010978,1.59,3.54,7.13,915.1,1,low,0
9.759109,77.042804,11.75,36.36,76.22,741.4,1,low,0
9.800856,77.069799,49.87,74.27,150.12,782.5,1,low,0
9.834776,76.973651,32.56,51.9,90.34,861.7,3,low,0
9.75475,76.906368,16.72,46.79,61.18,975.8,0,low,0
9.771622,76.883497,31.26,71.5,99.63,1051.9,1,medium,1
9.811616,77.03399,6.22,13.57,24.8,853.9,3,medium,1
9.877344,77.05766,3.5,6.05,13.29,1178.8,0,low,0
9.962657,77.023578,8.63,20.84,27.07,1080.2,1,high,0
9.871378,76.911435,7.12,15.04,19.32,1112.9,0,low,0
9.860154,76.928628,10.16,25.01,45.5,861.8,2,low,0
9.85558,76.934041,21.98,37.8,55.37,890.5,1,high,0
9.822719,76.859644,5.72,11.96,23.78,969.0,2,low,0
9.842376,77.020158,3.03,4.94,12.93,925.8,4,high,0
9.895067,76.968441,17.25,76.03,159.46,829.9,3,low,0
9.925696,77.094374,3.33,5.11,7.57,1198.6,1,medium,1
9.654769,76.90207,66.15,108.49,150.02,1124.2,1,low,0
9.907723,76.96819,1.16,1.91,2.48,819.0,3,medium,0
9.826433,76.880186,5.83,21.58,69.67,1146.2,2,low,0
9.889563,76.949406,18.07,54.47,95.97,993.4,0,low,0
9.878835,77.043103,33.19,48.09,106.7,706.3,2,low,0
9.839459,76.984451,80.17,118.75,175.61,873.1,3,low,1
9.892051,76.902634,12.44,39.71,91.3,712.9,1,low,0
9.872816,76.860053,9.61,23.06,37.72,743.9,4,high,0
9.846987,76.953184,10.38,37.35,54.01,789.5,2,medium,0
9.841253,76.996449,17.75,53.57,74.03,942.2,0,medium,0
9.771019,77.045611,19.34,66.16,147.6,890.6,1,medium,1
9.851147,76.920268,7.29,30.3,86.99,774.5,1,medium,1
9.690732,76.918231,31.61,64.54,153.55,897.3,7,medium,0
9.873033,77.149869,9.34,29.15,46.31,852.2,2,high,1
9.909927,76.978072,16.74,24.04,74.62,905.1,3,high,1
9.734101,77.056293,25.0,54.63,141.02,786.2,1,low,0
9.827852,76.87875,4.28,11.27,13.3,1004.9,3,low,0
9.963556,77.005746,4.67,7.11,13.93,722.3,0,low,0
10.024626,77.039062,86.43,169.34,295.48,893.9,2,low,1
9.842272,76.984623,4.97,18.85,61.59,1147.4,1,low,0
9.854996,76.840755,8.12,18.09,28.92,909.8,3,medium,0
9.844293,76.90737,17.87,42.49,88.72,920.5,1,low,0
9.862042,77.009393,36.72,63.04,106.55,734.0,5,medium,1
9.948848,76.852148,3.85,7.04,11.95,1002.7,0,high,0
9.850268,77.182635,2.49,6.47,7.78,1168.2,1,medium,0
9.740287,77.071178,18.96,43.61,97.45,845.8,1,low,0
9.870571,76.859436,48.53,105.64,172.13,896.6,2,low,0
9.819212,77.001001,0.17,0.42,0.82,994.1,2,low,0
9.760404,76.986068,23.44,92.35,173.56,746.6,1,low,1
9.760432,77.067116,15.18,23.26,70.36,1175.1,2,low,0
9.841196,76.780245,21.54,40.17,59.19,933.8,2,low,0
9.900143,76.99358,32.93,75.72,185.86,757.5,2,medium,0
9.895689,76.883831,9.81,20.23,36.27,867.6,3,medium,0
9.946458,77.015106,4.04,13.19,24.48,886.9,1,low,0
9.78945,76.892987,5.87,12.63,22.65,872.7,1,high,0
9.820414,77.089531,7.0,12.22,24.11,1046.6,1,low,0
9.900837,77.004731,72.68,155.69,359.3,872.8,2,low,1
9.907662,76.83582,0.38,0.87,1.6,861.9,4,low,0
9.808323,76.775858,2.0,4.64,14.27,861.0,3,medium,0
9.795042,77.019864,16.79,28.9,66.71,1088.9,1,low,0
9.887695,76.92441,3.37,5.85,7.99,854.2,0,low,0
9.920342,77.025895,20.54,35.72,46.78,707.0,2,low,0
9.830999,76.927218,1.59,4.92,7.09,882.8,0,medium,0
9.886755,77.076281,0.31,0.62,0.95,839.1,2,low,0
9.850227,77.060739,84.93,144.08,193.09,1154.5,2,high,1
9.797873,77.014557,0.1,0.2,0.54,939.0,1,low,0
9.908817,76.908061,17.83,30.25,51.36,817.3,1,low,0
9.831812,76.933112,31.94,50.93,139.93,1190.8,1,low,0
9.728755,76.959278,1.61,5.6,7.69,823.4,2,low,0
9.797356,76.89602,4.28,12.11,20.65,1081.5,1,low,0
9.670077,77.032914,62.8,125.43,168.24,1024.8,1,low,0
10.066319,76.953937,8.16,23.65,31.99,931.1,4,low,0
9.953932,76.965454,0.48,0.72,1.3,902.9,1,low,0
9.74444,76.938379,6.98,23.49,40.97,1136.2,0,low,1
9.802815,76.978557,17.9,47.29,149.86,937.5,0,low,0
9.868001,76.994038,5.2,7.46,12.69,887.7,3,low,0
9.977964,76.936171,2.42,8.21,12.2,877.1,2,low,0
9.907938,76.961071,0.69,1.63,3.81,837.9,2,low,0
9.867663,76.942745,12.8,35.87,42.57,904.5,0,medium,0
9.802924,76.942949,88.86,146.9,175.68,760.0,2,medium,0
9.888262,76.981647,17.76,50.46,110.76,732.6,4,low,1
9.885038,76.775374,2.87,10.23,14.79,970.7,0,low,0
9.852746,77.092206,17.12,25.68,81.13,927.1,3,high,0
9.843625,77.041035,19.52,54.43,81.7,786.7,2,low,0
9.814233,76.992838,16.97,29.72,46.21,753.4,1,medium,1
9.952949,77.046986,14.34,41.52,55.21,771.6,0,low,0
9.714674,76.871462,15.43,53.33,114.1,857.6,1,low,1
9.874682,76.840275,44.15,73.43,93.8,925.7,2,medium,1
9.851344,76.828867,26.77,117.54,152.28,796.7,0,low,1
9.69252,77.014621,0.86,2.34,3.5,1077.8,1,low,0
9.81974,76.991297,19.29,32.69,58.4,796.7,1,high,0
9.768473,77.00877,51.22,112.31,175.46,762.1,0,medium,0
9.767395,77.054859,4.5,8.25,11.76,1197.3,1,low,0
9.787336,76.790078,0.98,4.19,5.01,923.9,2,low,0
9.949606,76.883895,34.47,59.96,163.41,785.0,0,low,0
9.845262,76.927746,1.71,5.97,12.64,1147.3,1,medium,1
9.909607,77.033247,10.17,16.83,23.08,815.5,1,low,0
9.753819,76.991905,4.56,9.46,18.01,1162.8,2,medium,0
9.800455,77.190686,4.11,7.21,10.77,759.5,0,low,0
9.815974,76.89255,33.29,108.65,291.13,1120.9,2,low,1
9.862785,77.021785,25.48,64.07,92.85,792.1,1,low,1
9.89254,77.05602,3.9,6.49,9.68,1169.2,0,medium,0
9.871672,77.097177,6.05,9.24,14.85,987.1,3,low,0
9.785396,76.963591,3.33,10.63,14.75,795.0,3,low,0
9.909214,76.875819,6.87,11.51,14.68,1122.4,4,medium,0
9.80126,77.032485,3.57,14.05,18.59,895.3,1,low,0
9.871301,77.003344,13.16,31.87,86.09,1066.4,0,low,0
9.740077,77.026044,39.29,58.69,82.73,1021.7,0,low,0
9.829521,77.088043,33.33,49.56,90.54,1057.1,2,low,0
9.891393,76.960993,26.65,76.51,158.2,871.9,2,low,0
9.85822,76.896913,6.56,22.14,28.24,1169.4,0,low,0
9.784573,77.025331,6.06,22.04,36.26,979.9,0,low,0
9.893361,77.004646,57.27,130.02,225.86,738.8,3,low,0
9.787777,76.954612,10.32,41.96,57.36,733.4,3,low,0
9.710203,76.899105,10.31,27.24,45.08,1069.1,2,low,0
9.932647,77.007363,15.43,74.02,95.89,1125.0,2,low,0
9.76972,77.048518,1.32,4.01,11.24,1047.6,2,low,0
9.913142,76.852696,143.37,220.52,303.38,838.7,1,low,0
9.831041,76.983511,3.25,7.67,19.65,813.0,0,low,0
9.90164,77.027197,3.13,13.22,31.19,982.7,2,low,0
9.787194,77.124022,3.73,7.12,17.87,798.4,4,medium,0
9.918394,76.985344,22.06,32.54,75.47,889.5,0,low,0
9.806388,77.104387,94.13,218.04,310.38,1014.3,2,low,1
9.828095,77.047073,5.59,10.91,16.53,842.5,2,low,0
9.677558,77.048704,34.94,52.96,124.21,887.7,1,high,1
9.720375,76.915547,0.63,1.54,3.42,880.3,2,high,0
9.910647,77.178166,3.61,6.78,19.11,930.3,2,low,0
9.796676,76.985,0.4,0.95,1.79,1037.2,0,low,0
9.693074,76.996283,7.75,11.38,22.39,1091.2,2,low,0
9.800076,76.981576,10.94,24.21,63.67,1032.5,3,low,0
9.89306,77.079199,74.56,115.98,152.8,713.1,3,low,0
9.754285,77.136689,6.58,14.5,18.86,1148.4,1,high,0
9.932895,77.03277,0.32,0.61,1.69,990.6,3,low,0
9.80594,76.949298,4.34,11.05,24.75,1160.1,0,low,0
9.819198,77.11587,9.97,15.13,21.46,1181.9,3,low,0
9.788,76.879065,5.17,9.89,12.7,933.9,2,low,0
9.699605,76.924344,1.28,6.1,17.99,1158.2,2,high,0
9.825149,76.86897,10.25,49.34,61.96,882.7,0,low,0
9.842207,76.950642,29.13,54.13,162.13,830.2,2,low,0
9.878656,77.060329,1.06,4.14,6.38,736.8,1,low,0
9.787217,76.962153,19.87,35.6,114.07,925.9,0,medium,1
9.717622,76.984711,19.02,52.67,64.98,1044.3,2,low,1
9.985449,77.009147,14.73,31.38,63.45,1188.4,1,low,0
9.862804,76.961717,24.5,85.31,129.87,960.7,0,low,0
9.842051,76.890664,1.29,3.98,9.91,1067.2,2,low,0
9.932276,76.847683,70.68,168.9,354.32,1148.1,0,low,0
9.770099,77.084516,3.93,7.38,10.38,971.6,0,low,0
9.757014,76.929193,14.67,52.78,63.2,783.4,1,low,0
9.898591,76.925163,2.97,8.72,10.32,1124.1,2,medium,0
9.991654,76.860458,1.75,5.77,7.75,987.1,2,low,0
9.734843,76.969009,7.75,12.27,16.02,1079.3,1,high,0
9.844767,77.023406,69.77,133.14,159.8,1029.2,1,low,0
9.874265,76.950859,3.43,7.9,24.53,730.5,2,low,0
9.882419,77.008075,8.6,12.77,32.45,784.6,5,low,0
9.821408,76.821906,63.09,111.09,337.7,843.1,1,medium,1
9.772518,76.993642,19.63,29.48,51.21,842.4,2,low,0
9.68019,76.947276,1.11,2.23,2.69,1119.6,0,low,0
10.006685,76.864794,53.9,200.36,322.99,999.1,2,low,1
9.973661,76.850527,35.75,66.49,109.81,741.7,0,medium,1
9.792245,76.911243,76.33,253.79,336.28,893.6,0,high,1
9.84655,76.88284,1.19,3.2,3.95,978.2,2,low,0
9.796239,77.007778,18.84,41.43,60.55,825.8,1,medium,0
9.820989,77.014813,1.66,5.96,7.52,719.9,1,low,0
9.83339,76.993748,8.51,40.44,102.02,890.1,2,low,0
9.747635,77.010105,39.65,109.06,189.05,930.6,1,low,0
9.839063,76.854361,3.69,6.03,12.05,1152.4,3,low,0
9.853951,77.02064,0.98,4.73,9.79,1154.2,2,low,0
9.713712,77.033339,0.16,0.64,1.54,950.2,2,low,0
9.787251,77.001912,17.36,28.76,36.33,935.7,0,low,0
9.732405,76.972151,2.35,6.67,12.18,1020.3,1,low,0
9.761061,76.920601,25.9,38.7,65.41,829.1,1,low,0
9.825897,77.007093,4.1,10.5,23.24,842.9,3,high,0
9.832557,76.949416,64.09,107.11,129.11,701.3,2,low,0
9.833165,77.053825,9.46,28.73,45.17,739.1,1,medium,0
10.01245,77.002187,5.05,21.85,72.74,789.3,0,low,0
9.870205,76.966545,6.9,10.77,24.07,1020.3,3,low,0
9.876197,76.952582,2.68,4.04,4.76,806.3,2,low,0
9.854974,76.967312,23.89,43.12,51.57,762.0,2,low,0
9.730254,76.967697,56.54,96.64,161.2,1008.2,1,low,0
9.835817,76.973773,40.75,200.17,328.01,1025.9,3,low,1
9.84612,76.876647,7.86,13.63,17.12,729.8,2,medium,0
9.904802,76.999085,37.45,85.87,124.5,1086.4,1,low,0
9.75713,76.993626,3.5,8.2,10.09,1003.1,4,low,0
9.800463,76.885738,42.29,89.98,159.67,898.5,2,medium,0
9.758939,76.998419,1.58,4.72,5.64,1191.6,0,low,0
9.792435,76.979074,3.5,6.39,10.71,705.1,0,low,0
9.822207,76.913586,12.15,34.92,53.34,972.4,0,medium,0
9.750162,77.028506,26.88,56.07,162.34,779.9,0,low,1
9.912079,77.087127,1.6,5.95,9.35,864.7,1,high,0
9.767036,76.93418,5.33,9.91,13.72,766.6,1,low,0
9.901142,76.988395,16.66,56.5,104.31,1034.1,3,low,0
9.81032,77.079907,10.99,38.53,66.85,900.8,0,medium,1
9.808466,76.804603,17.25,81.31,157.48,1193.1,0,low,0
9.914683,77.131429,4.46,17.08,20.5,1026.9,1,medium,0
9.897359,76.986428,14.41,45.55,81.04,1158.7,2,low,0
9.883583,77.040604,1.4,4.5,12.17,820.4,0,low,0
9.708866,76.843835,10.26,28.2,89.26,859.4,1,low,0
9.945167,76.870802,2.77,12.21,16.84,881.3,1,medium,0
9.96483,76.902806,43.23,64.75,107.7,1119.3,3,low,1
9.826317,76.895467,4.99,19.22,63.73,805.8,3,medium,0
9.770257,76.793557,7.95,14.42,28.26,1173.4,1,low,0
9.750436,76.884714,4.82,10.3,12.83,721.8,0,low,0
9.823173,76.913518,12.2,25.61,31.18,1144.9,2,low,0
9.759854,76.865312,4.4,17.43,52.89,925.7,2,high,0
9.829491,77.099066,6.55,20.37,55.37,962.9,1,medium,1
9.802617,77.030996,8.59,14.56,48.11,1198.7,2,low,0
9.74023,76.921147,2.35,5.44,6.99,1135.0,1,high,0
9.793203,77.026424,0.12,0.27,0.81,1152.0,2,high,0
9.85412,77.006853,24.56,51.93,144.52,992.8,0,low,0
9.774205,76.842171,29.5,70.75,166.4,1178.2,0,low,0
9.819038,77.014381,8.9,14.76,18.34,1043.9,4,low,0
9.918776,76.946629,27.14,47.26,69.65,1109.7,0,low,0
9.787105,77.035246,5.33,14.86,23.24,1060.5,2,low,0
9.772992,76.893429,54.18,89.4,122.2,1090.5,1,high,1
9.856938,77.023508,5.46,11.89,17.45,1019.0,1,low,0
9.94029,77.064111,91.8,178.65,251.53,1063.2,2,medium,1
9.881945,77.011876,15.3,24.17,70.98,918.0,3,high,0
9.793626,76.836642,3.85,8.79,14.07,1053.4,0,medium,0
9.793353,77.176696,63.6,110.0,154.01,838.4,1,low,0
9.808303,77.027599,8.08,15.72,25.73,1017.5,4,low,0
9.821031,76.960866,6.81,16.48,53.78,961.9,1,medium,0
10.04708,77.029869,4.59,7.72,18.55,1149.3,1,low,0
9.857387,77.148977,1.35,5.33,6.43,1036.6,2,medium,0
9.993038,76.866924,25.81,52.61,76.51,998.3,2,low,0
9.915565,77.067441,9.42,42.2,62.18,856.5,4,low,0
9.647457,76.966689,1.56,5.6,8.45,1131.4,1,medium,0
9.808947,76.954613,1.98,3.97,10.72,727.1,0,low,0
9.84419,76.959395,5.68,16.05,53.1,1149.9,3,medium,0
9.863012,76.812675,0.5,1.49,2.76,1026.5,1,medium,0
9.855088,77.018441,0.96,1.41,2.59,794.7,2,low,0
9.71194,76.785796,6.87,17.93,24.02,1151.5,2,low,0
9.708864,76.938187,8.09,16.77,41.94,863.2,0,low,0
9.846191,76.93978,1.35,2.88,6.39,784.1,2,low,0
9.817289,76.949409,0.09,0.41,1.19,859.6,0,medium,0
9.951629,76.80742,1.21,2.26,4.35,1180.5,1,low,0
9.85019,77.051231,9.36,20.52,46.54,1076.4,1,low,0
9.9113,76.83275,19.27,49.31,110.92,1158.4,2,medium,0
9.90176,76.9059,12.25,52.58,119.58,849.4,1,low,0
9.844268,76.93639,8.91,25.72,60.2,741.2,4,low,0
9.938131,76.954847,43.51,67.76,142.39,981.4,1,low,0
9.812654,77.010482,8.48,29.56,49.66,941.5,1,low,0
9.845592,76.981571,11.01,35.55,65.74,1060.3,1,medium,0
9.855317,77.134485,2.17,7.18,21.43,971.3,1,low,0
9.782192,77.007839,5.09,7.89,14.77,898.2,1,low,0
9.757048,77.002036,1.24,2.25,2.94,702.3,1,low,0
9.746779,76.933939,10.32,16.1,45.31,933.9,5,low,0
9.766165,77.004259,76.23,116.04,141.62,760.3,1,medium,1
9.838977,76.940919,0.49,0.74,1.57,1161.0,1,low,0
9.874428,76.941659,3.55,8.01,26.0,1160.9,1,low,0
9.749207,77.233659,13.94,31.81,72.42,1101.8,0,low,0
9.854258,77.103421,12.79,20.81,61.5,778.9,3,low,0
9.829466,76.910499,0.86,2.34,3.83,773.7,3,low,0
9.924175,77.031922,1.11,5.27,11.13,981.7,1,low,0
9.809568,77.001618,1.32,3.6,4.84,1063.7,3,medium,0
9.976768,76.926981,29.85,53.48,76.08,1152.3,0,low,0
9.910924,77.14674,1.43,5.46,9.79,1147.0,2,medium,0
9.823357,76.963957,20.69,34.93,57.42,777.7,2,low,0
9.806125,77.090804,67.59,111.21,175.18,1197.7,0,medium,1
9.920865,76.92731,7.14,28.5,63.49,778.4,3,medium,0
9.823248,77.067988,3.42,13.75,36.51,1120.1,1,medium,1
9.853045,77.086868,1.28,4.26,8.41,993.5,2,low,0
9.80911,76.902412,6.8,17.97,51.03,1039.1,1,high,0
9.80547,76.953726,7.63,16.35,34.56,1002.0,1,low,0
9.752143,76.973081,17.82,40.25,66.65,1134.8,3,low,0
9.959506,77.110748,12.49,19.94,33.4,1018.5,0,medium,0
9.818388,77.104247,3.92,14.47,39.5,1124.3,0,medium,0
9.860766,76.948338,47.47,86.49,283.97,777.2,3,medium,1
9.889288,76.9493,14.56,30.68,87.94,1133.4,0,medium,0
9.958547,76.999613,10.22,17.99,56.23,1196.5,1,low,0
9.805286,76.854286,13.94,37.57,72.21,1030.8,0,high,0
9.66575,77.081772,13.35,30.64,59.58,1188.2,1,low,0
9.857271,76.910954,14.87,69.41,160.34,809.9,1,high,1
11.626413,76.140284,0.64,2.47,4.65,947.7,2,medium,0
11.694047,76.038089,2.15,7.35,9.94,836.5,3,medium,0
11.797653,76.079495,64.78,136.63,272.27,769.3,3,low,0
11.827662,76.163302,9.54,36.05,51.19,887.1,1,low,0
11.652604,76.102393,1.13,4.58,8.49,750.5,2,medium,0
11.749923,76.167462,14.25,26.73,51.12,809.9,3,medium,0
11.668223,76.212339,24.35,43.29,58.65,666.6,2,low,0
11.550723,76.115627,2.68,4.31,11.7,746.8,2,medium,0
11.728404,76.095476,139.3,211.74,261.24,808.4,0,high,1
11.826503,76.058295,38.87,92.28,159.17,860.7,2,medium,0
11.649485,76.196791,8.48,12.3,18.92,679.7,2,medium,0
11.607419,76.19028,5.28,24.12,46.12,889.2,2,high,0
11.68539,76.304966,31.13,49.01,74.8,920.0,4,medium,0
11.670177,76.144149,0.41,1.15,1.66,734.3,4,low,0
11.888803,76.122269,56.14,84.94,109.23,879.6,4,medium,0
11.760469,76.167386,18.9,60.72,78.87,704.1,1,high,1
11.690351,76.106964,46.24,81.05,163.14,807.0,0,medium,0
11.448374,76.059175,4.98,12.07,18.89,889.3,5,medium,0
11.668536,76.137102,4.87,12.47,17.09,765.9,2,medium,0
11.828178,76.166625,0.89,3.86,5.36,657.9,2,low,0
11.686404,76.171927,7.73,13.98,17.69,812.0,1,medium,0
11.745748,76.165525,53.17,184.81,243.96,903.4,1,medium,1
11.711357,76.215111,49.83,115.48,166.2,682.5,2,medium,0
11.641067,76.171642,0.96,3.55,4.99,658.9,2,medium,0
11.815305,76.151648,13.41,26.71,35.89,892.7,3,low,0
11.695112,76.028753,5.77,18.27,24.01,730.1,1,medium,0
11.62345,76.14967,3.17,6.38,12.93,759.3,2,low,0
11.681722,76.116332,5.49,8.15,11.16,676.1,4,high,0
11.794204,76.040271,4.77,7.23,8.79,679.0,4,medium,1
11.561644,76.17007,2.67,8.9,20.78,834.4,0,medium,0
11.701621,76.171456,0.72,2.88,8.82,815.7,0,medium,0
11.685891,76.164032,3.22,14.55,42.81,737.7,1,low,0
11.556791,76.174448,0.79,1.29,3.08,785.8,2,medium,0
11.741341,76.139913,13.35,41.13,51.04,766.5,0,medium,0
11.700516,76.110262,21.75,63.59,171.99,858.5,4,low,1
11.750282,76.271603,5.33,17.02,23.94,908.6,0,medium,0
11.771046,76.141859,86.48,139.47,179.53,879.5,1,low,0
11.675555,75.926593,6.38,9.26,11.83,651.3,1,low,0
11.635552,75.935783,19.49,33.74,63.75,679.9,1,medium,1
11.566038,76.226395,4.84,7.91,13.81,778.8,4,medium,0
11.628453,75.98328,12.77,25.04,52.4,905.5,0,low,0
11.680876,76.086453,11.56,24.89,65.31,721.1,2,medium,0
11.602914,76.032736,4.88,8.7,20.88,913.7,1,medium,0
11.726676,76.105794,0.04,0.19,0.49,683.0,2,medium,0
11.607726,76.160889,8.72,37.81,72.14,671.8,2,low,0
11.538974,76.076827,4.4,8.1,20.57,924.0,4,high,0
11.633765,76.064751,3.46,9.41,18.03,698.6,4,low,0
11.694738,76.188342,23.08,51.93,67.6,789.1,3,medium,0
11.579244,76.34055,5.24,8.86,13.43,747.8,4,medium,0
11.608939,76.173234,6.28,12.85,19.33,694.3,2,medium,0
11.629586,76.056878,24.71,41.01,54.93,839.6,1,high,0
11.64009,76.199691,6.89,16.83,52.15,939.1,3,medium,0
11.703831,76.269531,9.01,26.22,35.58,847.4,2,medium,0
11.731032,76.215067,21.24,66.9,163.98,756.1,1,low,0
11.642046,76.006503,44.19,166.25,339.1,863.5,4,low,1
11.596885,76.172276,2.49,11.4,24.28,693.0,1,high,0
11.690939,76.093277,2.52,11.11,31.02,824.0,3,low,0
11.721418,76.134201,5.25,15.65,39.58,790.8,3,medium,0
11.809102,76.100068,41.18,121.39,146.97,758.0,2,low,0
11.771694,76.18942,40.59,103.85,164.8,871.9,2,low,1
11.579292,76.101764,42.78,86.28,153.89,685.5,3,low,0
11.668721,76.243427,19.85,34.25,47.78,809.8,2,high,0
11.716493,76.129762,4.05,13.57,18.15,906.3,2,medium,0
11.611985,76.112122,0.38,0.65,1.8,710.5,4,medium,0
11.651944,76.175742,11.08,41.12,58.13,729.4,5,high,1
11.733917,76.158577,0.11,0.16,0.2,848.2,2,low,0
11.699998,76.178033,0.25,0.74,1.19,881.8,0,high,0
11.680138,76.119341,60.97,98.55,154.52,735.0,2,low,1
11.627716,76.23676,61.15,207.12,265.97,758.0,3,low,1
11.564352,76.209221,0.68,1.0,1.49,872.0,0,medium,0
11.655005,76.129018,65.27,106.43,125.6,735.6,3,medium,0
11.672702,76.195814,33.08,87.13,191.3,849.9,0,low,0
11.562526,76.10896,13.29,32.36,42.3,697.7,3,medium,0
11.683838,76.175621,0.51,2.51,3.93,773.4,1,medium,0
11.711364,76.196025,16.0,49.13,98.03,856.6,0,medium,0
11.624641,76.149977,1.32,3.84,4.89,788.0,4,medium,0
11.712276,76.06439,41.23,96.69,114.04,655.8,1,high,1
11.702056,76.034525,0.24,0.9,2.7,771.9,3,high,1
11.655637,76.15348,18.27,41.57,51.39,736.5,2,medium,0
11.646722,76.072091,2.24,4.19,10.18,680.4,0,high,0
11.653424,76.214346,10.67,27.66,66.99,652.7,3,medium,1
11.611504,76.009299,16.51,52.23,161.72,663.7,1,medium,0
11.707571,76.235379,7.88,16.63,20.61,934.8,1,low,0
11.612378,76.134077,7.46,34.79,48.48,874.9,3,low,0
11.617514,76.061658,12.88,34.76,105.53,931.9,2,low,0
11.719781,76.093893,35.67,76.92,118.62,684.4,1,medium,0
11.660634,76.113714,19.82,53.88,147.17,821.2,3,medium,0
11.684936,76.168642,13.69,36.73,51.49,675.0,4,medium,0
11.543071,76.03198,46.05,73.79,140.55,658.0,3,low,0
11.638136,76.053273,3.8,5.7,17.34,789.9,0,medium,1
11.814462,76.104059,32.91,53.63,70.92,843.9,1,medium,0
11.537535,76.127542,3.62,14.51,23.6,669.1,3,medium,0
11.81997,76.18732,5.25,15.24,21.01,759.5,2,medium,0
11.700897,76.151539,0.61,1.09,1.63,677.1,0,medium,0
11.637361,76.098841,27.39,39.86,73.97,758.6,0,medium,0
11.663646,76.148916,3.87,12.04,17.59,791.5,0,low,0
11.778441,76.143239,3.47,5.34,17.33,751.3,3,medium,0
11.4978,76.109862,0.16,0.28,0.58,822.9,5,low,0
11.793234,76.139301,6.03,8.72,11.98,825.4,2,low,0
11.701252,75.957877,25.0,101.32,140.78,749.9,4,medium,0
11.760979,76.204679,12.19,30.68,38.93,766.9,3,low,0
11.540134,76.173836,8.14,18.55,29.16,782.3,2,medium,0
11.661803,76.249839,5.84,10.89,13.31,762.7,5,medium,0
11.493732,76.065124,15.13,28.71,47.31,878.2,4,medium,0
11.775807,76.17572,10.22,15.65,27.2,692.0,4,medium,0
11.601383,75.977601,3.29,5.3,12.99,907.1,2,medium,0
11.600208,75.98875,33.07,145.23,199.39,749.4,1,medium,1
11.525246,76.111044,36.08,81.39,119.58,867.2,3,medium,0
11.71555,76.083707,51.07,126.55,228.67,915.1,4,medium,1
11.685751,76.213787,5.9,8.44,24.26,916.2,2,low,0
11.62017,76.224268,12.01,29.03,78.65,785.7,2,medium,0
11.701048,76.232691,2.75,5.08,14.0,727.0,3,medium,0
11.617605,76.177831,5.65,16.51,32.6,831.7,0,medium,0
11.539257,76.181281,46.68,92.01,237.47,705.2,0,high,1
11.650896,76.027464,1.08,3.56,4.6,887.2,2,medium,0
11.811577,76.241976,9.92,19.77,24.88,863.4,2,medium,0
11.757733,76.230151,0.4,0.62,0.81,888.7,4,medium,1
11.71643,76.019605,17.55,83.7,131.84,780.0,2,high,0
11.699522,76.167444,15.74,34.79,55.4,817.2,2,medium,0
11.650934,76.086263,34.73,50.25,63.61,680.8,1,high,1
11.738878,76.277969,20.6,73.67,140.73,856.3,2,low,0
11.725226,76.051999,9.68,33.19,99.29,796.1,4,low,1
11.673351,76.137407,69.98,160.71,287.65,802.8,2,low,1
11.695926,76.144878,9.36,14.74,24.37,904.1,1,medium,0
11.551531,76.125732,6.15,12.77,21.21,881.7,2,medium,0
11.641576,76.301868,21.59,47.51,122.62,810.6,2,medium,0
11.584551,76.265284,8.69,35.72,48.87,756.5,1,medium,0
11.583026,75.998992,15.14,22.23,31.65,783.9,3,medium,0
11.717622,76.16897,45.01,120.5,282.59,755.2,2,high,1
11.578831,76.129092,7.67,23.53,39.01,695.5,2,low,0
11.741447,76.196743,9.07,22.34,30.41,843.7,0,low,0
11.76256,76.147032,1.47,3.61,11.86,857.5,2,medium,0
11.675064,76.064991,15.45,35.99,79.73,941.4,1,medium,1
11.631559,76.047,0.91,1.68,3.0,786.7,3,medium,0
11.762482,76.097847,2.66,4.19,5.48,949.2,4,medium,1
11.72419,76.120357,60.58,264.95,358.31,706.1,3,medium,1
11.775614,76.145513,11.16,25.06,65.42,847.0,0,low,0
11.593479,76.084356,11.76,28.88,52.09,948.4,0,low,0
11.659172,76.266478,3.52,17.13,36.63,842.1,2,medium,0
11.662515,76.17282,4.11,6.76,12.97,785.7,3,low,0
11.696754,76.199917,8.65,34.32,57.45,804.6,3,low,0
11.729991,76.118902,11.16,43.37,75.48,903.7,1,low,0
11.691027,76.046998,2.09,9.33,24.7,931.7,1,medium,0
11.786832,76.200667,6.21,20.67,56.34,786.2,2,medium,0
11.65002,76.050523,2.65,9.18,24.71,881.7,0,medium,0
11.596079,75.968175,13.82,36.96,48.45,930.1,2,low,0
11.626747,76.17525,9.25,17.47,56.18,734.6,0,high,1
11.616794,76.069551,4.49,19.77,48.07,797.9,4,low,0
11.643526,76.103259,39.54,62.75,76.0,948.6,5,medium,0
11.658465,76.185519,2.6,7.15,21.25,756.0,1,medium,0
11.661858,76.05557,7.64,15.18,47.45,835.9,2,medium,0
11.698554,76.001823,1.24,6.04,11.77,847.1,3,medium,0
11.643112,76.227554,6.31,16.48,43.0,696.2,1,high,0
11.763904,76.125335,1.33,6.61,10.82,892.0,2,low,0
11.524944,76.230588,8.42,29.79,61.28,773.9,2,medium,0
11.501851,76.180091,3.08,7.27,17.52,800.1,3,low,0
11.760105,76.182452,129.24,276.43,325.51,842.9,2,medium,1
11.753819,76.143075,23.91,86.47,177.34,773.1,2,low,0
11.779122,76.143009,3.65,6.38,9.78,747.5,1,medium,0
11.730938,76.220761,9.65,32.75,41.95,813.9,3,low,0
11.680202,76.195158,10.34,40.1,49.68,754.0,5,medium,0
11.659326,76.082878,40.05,109.21,207.79,780.2,2,low,1
11.551829,76.16944,61.55,129.38,154.59,682.5,2,low,0
11.691814,76.080453,7.05,10.15,14.53,903.4,0,low,0
11.565056,76.104992,55.41,135.36,218.04,773.5,1,medium,1
11.877289,76.175471,6.08,14.72,21.6,674.8,1,high,1
11.597436,76.079245,6.4,27.87,55.95,887.0,1,medium,1
11.673965,76.141809,8.3,14.24,26.7,655.9,4,medium,0
11.800513,76.160408,0.89,3.06,4.91,829.8,6,high,0
11.650718,76.102853,93.48,163.31,340.4,860.8,3,medium,1
11.651258,76.187575,4.51,6.89,9.53,707.4,5,medium,0
11.473057,76.094843,6.3,10.78,24.61,689.4,0,high,0
11.575218,76.20541,5.1,9.78,13.24,684.2,3,high,0
11.724923,76.140456,18.65,37.15,96.83,948.0,4,low,1
11.813827,76.143828,2.66,6.23,14.85,876.5,3,medium,0
11.608708,76.0581,0.5,1.83,2.56,743.8,0,medium,0
11.695739,76.11123,5.29,8.98,20.19,750.7,0,medium,0
11.896676,76.145589,5.08,11.58,15.7,844.6,2,high,1
11.725344,76.211954,27.44,53.52,73.2,787.3,2,medium,0
11.758086,76.104265,2.95,7.62,17.25,731.4,2,medium,0
11.618714,76.211657,0.13,0.42,1.23,667.1,4,high,0
11.80419,76.06955,2.81,4.66,11.91,885.2,5,medium,0
11.624615,76.156733,13.66,36.81,51.57,916.5,4,medium,0
11.61056,76.089458,11.12,17.55,22.92,711.8,3,medium,0
11.79835,76.253534,16.26,23.81,46.62,669.0,2,high,0
11.629045,76.239094,3.56,5.79,14.84,685.6,2,high,1
11.679706,76.152857,8.52,32.28,94.53,774.3,2,medium,1
11.810095,76.087194,1.61,2.56,6.12,739.8,3,medium,0
11.60687,76.008642,51.13,111.23,132.6,672.0,3,medium,1
11.661055,76.160263,18.71,58.33,148.18,786.5,1,medium,1
11.631183,76.146603,22.13,89.76,258.38,711.2,4,medium,1
11.653702,76.198653,11.58,34.14,46.63,670.1,3,medium,0
11.683139,76.012691,1.1,4.09,6.4,847.4,0,medium,0
11.787208,76.141322,2.21,10.37,17.45,821.8,2,medium,0
11.811383,76.164319,0.05,0.07,0.14,897.9,5,low,0
11.692467,76.057842,54.43,88.39,128.84,740.7,0,medium,0
11.621873,76.139322,0.03,0.06,0.09,690.7,1,high,1
11.734243,76.071844,8.65,29.16,54.67,758.0,3,high,0
11.680421,76.063972,2.43,11.38,26.55,883.6,2,medium,0
11.683032,76.087552,58.64,132.49,173.71,722.5,0,medium,1
11.597454,76.108712,10.9,19.1,48.9,726.5,2,medium,1
11.550633,76.229099,6.92,10.15,17.1,694.3,2,low,0
11.678486,76.104258,69.72,112.11,164.63,946.0,3,low,1
11.594443,76.062332,2.48,3.83,5.89,940.2,1,medium,0
11.637579,76.195031,26.93,84.34,131.71,847.4,3,medium,0
11.798613,76.212215,61.88,222.85,335.42,714.4,4,medium,1
11.674387,76.195556,70.07,216.35,276.8,880.0,3,medium,1
11.768567,76.239541,1.32,4.92,9.82,825.2,3,high,0
11.703691,76.145381,3.56,5.95,9.22,874.9,2,medium,0
11.726707,76.142448,51.35,78.81,115.33,908.1,0,high,1
11.635997,76.07369,12.32,34.84,55.77,745.5,0,medium,0
11.772233,76.241921,0.58,0.91,1.14,924.1,1,high,0
11.704866,76.122627,6.87,30.21,45.77,919.6,2,high,0
11.658848,76.105714,4.03,7.48,14.01,814.1,1,low,0
11.704824,76.098559,22.82,49.21,64.32,855.4,3,high,0
11.622781,76.180926,25.17,74.37,130.65,773.3,4,medium,1
11.656505,76.136684,24.64,42.19,71.31,846.5,2,medium,0
11.675578,76.14516,2.11,6.88,11.09,814.7,2,high,0
11.637945,76.104037,57.9,141.9,297.14,746.8,1,low,0
11.804698,76.114136,0.17,0.31,0.44,746.9,2,high,0
11.646785,76.118155,0.78,2.11,5.96,845.5,0,high,0
11.846602,76.243726,9.95,15.86,20.39,937.0,1,high,0
11.685381,75.985901,6.63,10.48,14.66,710.5,2,high,0
11.661254,76.165855,3.52,11.7,23.65,767.8,2,medium,0
11.639646,76.217053,27.48,65.4,154.05,891.7,0,medium,0
11.713793,75.982918,10.14,24.38,47.48,686.9,6,medium,0
11.751535,76.124282,19.23,47.49,63.94,948.3,7,low,0
11.476965,76.208569,17.76,39.39,124.12,853.4,2,high,0
11.680391,76.069763,31.65,133.45,239.43,923.2,2,low,1
11.520952,76.151483,0.33,0.52,1.18,901.4,1,medium,0
11.758546,76.055442,5.83,16.91,21.64,883.1,5,low,0
11.759975,76.132647,4.87,24.24,45.95,659.9,0,low,0
11.683278,76.232207,21.99,40.52,59.26,771.9,3,medium,0
11.696672,76.265649,1.0,1.9,3.83,710.6,3,medium,0
11.565619,76.150419,22.12,31.98,66.45,911.4,2,medium,0
11.636217,76.027683,17.76,31.73,66.21,854.1,0,low,0
11.631026,76.105162,65.78,179.55,266.79,682.1,1,medium,1
11.64408,75.984946,32.91,48.66,58.61,757.9,4,high,0
11.749774,76.106481,8.1,21.17,51.07,670.8,2,low,0
11.782536,76.207176,53.12,86.99,132.99,872.0,1,medium,0
11.728846,76.020969,3.65,9.91,22.22,775.5,0,medium,0
11.654127,76.113434,9.91,44.16,73.35,720.3,2,high,0
11.620307,76.064705,14.7,25.93,43.37,805.3,1,low,0
11.687242,76.273495,1.7,4.54,8.29,662.6,2,low,0
11.703722,76.161895,8.53,23.08,40.19,727.2,0,low,0
11.662321,76.19803,8.43,15.11,19.27,702.6,4,medium,0
11.627275,76.153408,7.7,21.32,61.14,929.2,3,high,0
11.72922,76.190879,0.21,0.83,1.1,763.1,1,high,0
11.737082,76.216451,0.49,1.23,2.21,825.3,4,medium,0
11.575045,76.133064,4.78,7.81,16.16,800.9,1,low,0
11.649301,76.087505,0.72,2.73,6.87,847.8,3,low,0
11.742232,76.055181,10.56,22.13,29.58,733.7,2,high,0
11.759086,76.270699,1.72,6.47,10.34,686.2,2,medium,0
11.685165,76.195654,3.45,15.37,21.94,674.4,5,medium,0
11.709227,75.952144,20.91,53.69,113.46,708.0,1,medium,0
11.700203,76.11043,40.42,76.41,148.04,794.8,5,low,0
11.756345,76.163287,18.97,56.2,70.03,720.8,2,high,0
11.591263,76.26378,11.73,27.73,33.47,780.2,1,medium,0
11.701408,76.041786,17.48,39.22,55.49,658.8,0,medium,0
11.608891,76.164108,10.03,16.16,22.69,838.3,2,medium,0
11.767046,76.098022,89.28,146.49,214.81,913.4,4,high,1
11.595332,76.034245,9.33,46.37,74.44,664.3,3,medium,0
11.712679,76.237634,2.33,5.73,9.13,715.4,3,low,0
11.60932,76.052866,2.38,4.51,5.44,745.3,0,low,0
11.740194,76.207663,29.87,47.69,66.89,736.2,2,low,0
11.715143,76.002433,1.73,7.73,11.7,662.1,3,medium,0
11.699173,76.090799,3.48,6.77,16.77,682.0,2,medium,0
11.836875,76.175763,65.74,105.85,126.41,923.7,3,high,1
11.623798,76.187342,3.09,9.43,16.09,863.4,2,medium,0
11.754086,76.164951,6.63,21.92,26.77,937.5,3,medium,0
11.773761,76.208834,73.02,168.29,243.03,782.1,2,high,1
11.754109,76.106912,3.61,5.29,16.43,913.7,1,high,1
11.625812,76.241391,2.86,5.23,8.77,895.0,0,medium,0
11.661232,76.158529,104.22,252.82,319.64,912.5,4,low,1
11.631523,76.188785,1.66,7.89,24.02,661.7,5,medium,0
11.656216,76.159087,0.35,0.73,0.94,845.8,3,medium,0
11.612706,76.169315,39.33,105.04,164.81,820.0,2,high,1
11.650941,76.049908,0.4,1.37,4.23,813.6,1,medium,0
11.79741,76.054668,5.22,11.59,22.93,801.3,4,medium,0
11.654461,76.086705,2.78,7.49,23.67,888.8,4,high,0
11.688467,76.171145,8.9,40.56,134.76,940.4,1,medium,0
11.621965,76.082911,55.92,99.36,125.3,898.7,2,low,1
11.678801,76.106314,25.36,44.78,62.92,911.1,3,low,0
11.746134,76.124189,16.59,32.56,70.9,795.2,1,high,0
11.719156,76.24343,1.31,2.11,5.81,857.2,7,medium,0
11.793463,76.178223,11.46,37.99,115.16,774.7,1,medium,1
11.583215,76.013096,12.66,36.91,45.88,758.1,3,low,0
11.619491,76.142775,5.85,13.62,21.15,918.6,1,low,0
11.646968,76.105726,18.28,79.47,204.65,921.6,0,low,0
11.801993,76.111734,126.52,197.14,292.15,854.7,1,medium,1
11.703903,76.130052,16.09,36.14,42.55,901.4,1,medium,0
11.566635,76.220067,90.19,248.92,339.39,758.1,5,high,1
11.767379,76.06492,2.03,4.63,8.49,780.1,2,high,0
11.688767,76.146311,20.04,55.26,73.9,896.3,0,medium,0
11.751226,76.153251,0.1,0.28,0.39,769.4,2,high,1
11.806684,76.11229,5.47,12.9,36.98,662.0,2,high,0
11.601792,76.078934,43.89,99.54,123.02,756.0,3,medium,1
11.806659,76.069573,12.39,29.73,37.82,769.5,1,medium,0
11.674064,76.096349,45.14,95.24,152.43,696.4,1,medium,0
11.646886,76.18901,6.98,11.8,20.36,753.2,0,medium,0
11.692373,76.101333,5.82,25.46,59.88,930.3,2,high,1
11.5846,76.122069,11.15,18.41,24.26,907.6,2,high,0
11.678406,76.037442,1.93,6.13,11.4,783.8,5,low,0
11.660585,76.092052,14.92,45.77,73.99,863.0,4,medium,0
11.604948,76.148348,6.14,12.29,31.23,695.6,8,medium,1
11.628289,75.996622,6.07,8.83,21.15,875.8,2,medium,0
11.77105,76.213591,4.73,22.66,26.92,792.7,1,low,0
11.665786,76.082571,15.83,29.5,51.6,866.8,1,medium,0
11.601542,76.271039,20.21,36.85,49.22,843.2,1,low,0
11.715853,76.163599,7.88,16.19,21.41,719.8,2,medium,0
11.741332,75.983212,10.33,50.42,60.04,900.4,2,high,0
11.67984,76.152202,19.9,39.55,47.05,821.7,1,medium,0
11.58127,76.104558,9.91,38.47,69.78,885.3,2,medium,0
11.476279,76.153199,33.04,138.22,168.02,678.2,1,high,0
11.607932,76.259339,7.2,13.14,26.24,834.6,2,high,0
11.764341,76.186398,117.5,213.59,336.78,737.6,6,low,1
11.757027,76.111942,133.26,206.62,274.79,908.3,2,low,1
11.616316,76.01825,26.4,130.89,163.09,934.9,0,medium,0
11.661127,76.199822,1.04,2.67,4.53,666.7,2,high,0
11.735824,76.170779,0.41,2.0,3.78,867.3,2,high,0
11.668924,76.222632,40.41,105.69,150.83,680.9,4,low,1
11.754906,76.118571,1.69,3.79,6.88,907.3,2,medium,0
11.672222,76.153609,4.35,9.35,13.97,687.4,1,medium,0
11.718528,76.110299,41.34,109.36,147.33,708.5,4,medium,0
11.654178,76.136948,23.82,42.34,55.52,725.5,1,medium,0
11.617286,76.008838,3.13,7.69,17.47,868.3,5,medium,0
11.773256,76.155462,82.16,179.17,291.66,737.8,3,medium,1
11.559843,76.160592,8.28,13.79,43.96,828.8,0,medium,0
11.632024,76.089692,6.26,21.81,29.52,821.6,3,high,1
11.672453,76.178532,2.84,7.89,21.38,770.7,3,high,0
11.748693,76.199805,24.17,52.46,67.3,811.8,2,high,0
11.609689,76.242013,7.73,13.24,25.28,685.5,1,high,0
11.690148,76.048396,10.85,26.28,67.04,912.9,2,low,0
11.569078,76.183551,0.66,2.78,3.77,712.1,2,high,0
11.715231,76.237032,11.86,17.08,41.64,914.1,2,low,0
11.825897,76.101936,13.08,23.61,45.67,805.6,1,high,1
11.523235,76.241594,50.27,89.54,146.36,834.2,2,medium,0
11.621809,76.071927,6.38,14.75,29.62,727.2,3,low,0
11.746955,76.135577,3.9,8.23,20.67,716.7,3,medium,0
11.915492,75.991837,8.6,12.33,23.57,797.2,4,medium,0
11.727045,75.980619,13.71,27.55,72.63,730.2,2,medium,0
11.621645,76.00573,6.37,20.58,29.59,776.9,1,medium,0
11.668114,76.243499,6.18,9.06,22.98,782.1,0,high,0
11.581852,76.067953,3.76,8.02,14.2,731.3,2,medium,0
11.744411,76.068156,2.32,11.05,18.17,737.5,1,medium,0
11.763688,76.16266,9.28,19.07,23.26,941.9,1,medium,0
11.792502,76.070516,1.33,5.67,16.52,826.2,2,low,0
11.653594,76.226399,46.29,99.81,122.96,899.6,4,medium,0
11.615398,76.279092,13.02,21.25,51.26,663.7,3,high,0
11.799597,75.952267,108.53,231.2,303.21,650.6,2,medium,1
11.790466,76.171621,23.56,60.93,174.19,805.7,3,medium,1
11.60097,75.965161,37.6,58.64,69.49,898.0,3,low,0
11.649955,76.02119,26.6,40.08,53.85,833.3,2,low,0
11.743162,76.168212,12.15,32.51,97.16,835.6,1,low,0
11.659821,76.054504,1.63,3.62,8.67,691.8,2,low,0
11.682532,76.150874,3.76,5.44,9.05,943.6,3,medium,0
11.562472,76.132485,1.23,4.25,7.23,808.9,1,low,0
11.590214,75.998155,4.21,12.06,18.67,680.8,1,low,0
11.672685,76.182593,4.8,11.6,20.9,774.3,3,high,0
11.624098,76.15392,1.41,5.63,8.0,671.6,5,low,0
11.588159,76.133106,3.49,10.4,21.15,775.4,0,medium,0
11.654868,76.078156,11.57,24.5,61.72,863.5,2,low,0
11.609797,76.161174,4.71,14.99,47.06,747.1,3,medium,0
11.682245,76.026488,15.58,28.69,59.93,743.9,2,medium,0
11.7594,76.049358,3.85,10.29,19.23,804.3,3,low,0
11.655899,76.155674,2.28,9.29,14.03,799.5,3,high,0
11.645913,76.212412,4.8,8.24,11.08,790.1,3,medium,0
11.765896,76.09183,6.29,13.0,30.09,805.1,2,medium,0
11.738682,76.166561,26.29,42.93,75.14,664.4,2,low,0
11.743841,76.146397,3.82,10.04,23.43,792.3,3,medium,0
11.478343,76.163144,1.15,5.5,6.69,947.6,5,medium,0
11.644136,76.074657,2.43,10.88,16.57,879.3,1,medium,0
11.634261,76.11806,9.48,15.87,23.58,736.3,1,medium,0
11.613953,76.126941,4.91,12.11,20.46,853.3,1,low,0
11.764287,76.249871,0.96,1.39,3.06,749.0,3,medium,0
11.636523,76.04164,5.06,8.22,20.05,707.5,2,medium,0
11.568769,76.017697,42.75,205.45,310.75,882.1,6,low,1
11.699693,76.369951,56.15,88.43,109.59,712.9,3,medium,1
11.679391,76.154718,7.6,24.81,59.48,907.6,2,medium,0
11.606206,76.173881,44.03,99.37,161.72,764.1,3,low,1
11.76143,76.181373,1.95,4.31,7.29,877.1,0,high,0
11.722471,76.191751,3.26,14.18,21.73,727.9,0,medium,0
11.722213,76.20192,0.32,1.23,1.97,845.8,1,medium,0
11.718717,76.192117,9.51,23.12,51.37,713.8,2,medium,0
11.767168,76.220162,35.28,67.68,99.49,656.6,3,medium,0
11.667568,76.143391,2.72,8.19,18.2,894.4,1,medium,0
11.580675,76.215778,1.33,2.88,4.37,906.8,1,medium,0
11.663422,76.281359,20.08,51.54,110.85,914.2,6,medium,1
11.54755,76.145673,0.57,1.1,3.18,660.9,3,medium,0
11.595035,76.168463,10.0,24.27,65.6,878.3,0,medium,0
11.809526,76.083615,15.01,23.99,31.61,900.8,2,medium,0
11.591953,76.116814,4.59,6.63,18.08,743.5,5,medium,0
11.586084,76.158228,19.09,29.08,60.36,791.1,2,high,0
11.73357,76.098861,0.46,1.63,3.56,772.4,2,medium,0
11.749057,76.137398,2.01,4.7,14.15,782.0,2,medium,0
11.546695,76.157306,34.39,80.08,127.17,904.0,4,medium,1
11.699903,76.25165,6.82,10.99,14.86,775.4,3,medium,0
11.636129,76.060897,7.5,19.82,23.43,740.7,5,medium,0
11.706446,76.163613,0.78,1.64,2.01,689.1,4,low,0
11.655786,76.081667,3.39,6.71,20.51,852.5,4,medium,0
11.570752,76.191283,2.43,9.52,21.55,675.3,2,high,0
11.641491,76.19764,0.8,1.66,3.16,668.4,5,medium,0
11.730063,76.264197,14.61,45.16,57.81,854.5,2,medium,0
11.835496,76.095945,2.65,8.74,17.55,858.3,1,medium,0
11.711188,76.141645,26.46,81.38,132.61,709.7,2,low,0
11.648726,76.194325,2.08,8.33,12.57,937.2,3,high,0
11.585628,76.182691,4.46,18.97,40.89,886.3,1,medium,0
11.667324,75.930976,5.59,10.68,17.23,855.9,0,medium,0
11.649725,76.075004,1.57,2.34,7.14,876.3,3,low,0
11.704462,76.175609,3.53,6.49,11.5,773.6,3,low,0
11.67523,76.113216,29.85,83.86,165.02,786.7,2,low,1
11.718366,76.194916,0.41,1.11,2.24,911.1,3,medium,0
11.651224,76.213366,2.67,5.67,13.21,657.6,1,high,0
11.816729,76.112921,5.77,9.11,12.15,890.7,2,medium,0
11.726706,76.178066,10.39,34.48,43.92,784.3,0,medium,0
11.623464,76.246491,98.46,226.73,287.56,789.2,4,high,1
11.760089,76.21148,0.09,0.2,0.39,747.7,1,high,0
11.587519,76.068348,14.62,21.96,49.62,832.1,4,medium,1
11.611626,76.115189,8.17,17.45,49.28,852.7,1,low,0
11.615921,76.132198,107.93,182.8,272.9,698.2,2,medium,1
11.78627,76.055182,4.18,17.16,35.62,819.7,2,medium,0
11.6657,76.2156,0.85,2.35,5.19,789.5,0,medium,0
11.629705,76.078404,4.13,8.16,16.18,884.6,5,medium,0
11.693128,76.121886,9.66,17.93,29.64,813.6,3,high,0
11.723365,76.215747,10.07,15.68,40.3,778.9,3,medium,0
11.807135,76.093921,8.52,17.21,20.77,808.7,5,medium,0
11.560241,76.103071,7.32,21.22,30.19,797.2,2,medium,0
11.781065,76.157044,7.4,15.77,48.4,930.6,4,medium,1
11.514612,76.097287,4.35,7.84,16.72,743.6,1,low,0
11.752503,76.252609,6.22,10.51,32.08,661.2,1,medium,0
11.773063,76.056764,30.89,45.95,107.81,848.6,3,low,0
11.777206,75.946415,1.89,6.39,13.97,831.2,2,medium,0
11.725507,76.19744,40.31,75.99,109.36,923.0,2,low,0
11.594792,76.101395,0.57,1.91,2.75,685.2,1,medium,0
11.739766,76.06539,0.68,1.89,5.81,806.8,2,low,0
11.5946,76.160713,33.79,124.5,199.69,695.2,3,low,0
11.604904,76.163551,36.04,61.46,74.18,786.7,0,high,1
11.643499,76.069049,15.6,23.75,36.78,889.8,2,medium,0
11.650708,76.224951,2.36,10.99,13.26,907.2,1,medium,0
11.699256,76.19895,3.31,5.46,10.71,900.2,2,medium,0
11.624368,76.287966,2.53,7.87,14.24,814.2,2,medium,0
11.706376,76.093309,12.67,28.57,49.9,840.2,4,medium,0
11.570215,76.142501,28.47,49.59,61.36,815.5,2,high,0
11.683105,76.148667,5.04,11.11,21.83,818.4,2,low,0
11.658203,76.103844,1.89,6.0,7.13,915.5,4,medium,0
11.761106,76.162258,13.36,20.46,34.18,712.8,1,high,1
11.769158,76.168274,74.52,150.0,357.18,781.6,1,low,1
11.666403,76.16831,16.23,24.39,68.3,833.0,2,medium,0
11.523241,76.103881,10.64,17.07,43.2,879.6,3,medium,0
11.562058,76.113254,34.68,54.34,168.95,878.6,4,high,1
